
PLAY [verify] ******************************************************************

TASK [Gathering Facts] *********************************************************
ok: [localhost]

TASK [/stigforge/roles/rhel9_cis : StigForge apply rhel9_cis profile cis-l1] ***
included: /stigforge/roles/rhel9_cis/tasks/cis-l1.yml for localhost

TASK [/stigforge/roles/rhel9_cis : Gather the package facts] *******************
ok: [localhost]

TASK [/stigforge/roles/rhel9_cis : Ensure aide is installed] *******************
skipping: [localhost]

TASK [/stigforge/roles/rhel9_cis : Build and Test AIDE Database - Ensure AIDE Is Installed] ***
skipping: [localhost] => (item=aide) 
skipping: [localhost]

TASK [/stigforge/roles/rhel9_cis : Ensure aide is installed] *******************
skipping: [localhost] => (item=aide) 
skipping: [localhost]

TASK [/stigforge/roles/rhel9_cis : Ensure AIDE is installed] *******************
skipping: [localhost]

TASK [/stigforge/roles/rhel9_cis : Install cron] *******************************
skipping: [localhost]

TASK [/stigforge/roles/rhel9_cis : Ensure sudo is installed] *******************
skipping: [localhost]

TASK [/stigforge/roles/rhel9_cis : Ensure libpwquality is installed] ***********
ok: [localhost]

TASK [/stigforge/roles/rhel9_cis : Ensure systemd-journal-remote is installed] ***
skipping: [localhost]

TASK [/stigforge/roles/rhel9_cis : Configure Firewalld to Restrict Loopback Traffic - Ensure firewalld Package is Installed] ***
skipping: [localhost] => (item=firewalld) 
skipping: [localhost]

TASK [/stigforge/roles/rhel9_cis : Configure Firewalld to Trust Loopback Traffic - Ensure firewalld Package is Installed] ***
skipping: [localhost] => (item=firewalld) 
skipping: [localhost]

TASK [/stigforge/roles/rhel9_cis : Ensure nftables is installed] ***************
skipping: [localhost]

TASK [/stigforge/roles/rhel9_cis : Ensure NetworkManager is installed] *********
skipping: [localhost] => (item=NetworkManager) 
skipping: [localhost]

TASK [/stigforge/roles/rhel9_cis : Ensure libselinux is installed] *************
skipping: [localhost]

TASK [/stigforge/roles/rhel9_cis : Uninstall mcstrans Package: Ensure mcstrans is removed] ***
skipping: [localhost]

TASK [/stigforge/roles/rhel9_cis : Uninstall setroubleshoot Package: Ensure setroubleshoot is removed] ***
skipping: [localhost]

TASK [/stigforge/roles/rhel9_cis : Ensure cronie is installed] *****************
skipping: [localhost]

TASK [/stigforge/roles/rhel9_cis : Uninstall DHCP Server Package: Ensure dhcp-server is removed] ***
ok: [localhost]

TASK [/stigforge/roles/rhel9_cis : Uninstall dnsmasq Package: Ensure dnsmasq is removed] ***
ok: [localhost]

TASK [/stigforge/roles/rhel9_cis : Uninstall bind Package: Ensure bind is removed] ***
ok: [localhost]

TASK [/stigforge/roles/rhel9_cis : Uninstall bind Package: Ensure bind9.18 is removed] ***
ok: [localhost]

TASK [/stigforge/roles/rhel9_cis : Remove ftp Package: Ensure ftp is removed] ***
ok: [localhost]

TASK [/stigforge/roles/rhel9_cis : Uninstall vsftpd Package: Ensure vsftpd is removed] ***
ok: [localhost]

TASK [/stigforge/roles/rhel9_cis : Uninstall httpd Package: Ensure httpd is removed] ***
ok: [localhost]

TASK [/stigforge/roles/rhel9_cis : Uninstall nginx Package: Ensure nginx is removed] ***
ok: [localhost]

TASK [/stigforge/roles/rhel9_cis : Uninstall cyrus-imapd Package: Ensure cyrus-imapd is removed] ***
ok: [localhost]

TASK [/stigforge/roles/rhel9_cis : Uninstall dovecot Package: Ensure dovecot is removed] ***
ok: [localhost]

TASK [/stigforge/roles/rhel9_cis : Ensure chrony is installed] *****************
skipping: [localhost]

TASK [/stigforge/roles/rhel9_cis : Uninstall rsync Package: Ensure rsync-daemon is removed] ***
ok: [localhost]

TASK [/stigforge/roles/rhel9_cis : Uninstall telnet-server Package: Ensure telnet-server is removed] ***
ok: [localhost]

TASK [/stigforge/roles/rhel9_cis : Remove telnet Clients: Ensure telnet is removed] ***
ok: [localhost]

TASK [/stigforge/roles/rhel9_cis : Uninstall tftp-server Package: Ensure tftp-server is removed] ***
ok: [localhost]

TASK [/stigforge/roles/rhel9_cis : Remove tftp Daemon: Ensure tftp is removed] ***
ok: [localhost]

TASK [/stigforge/roles/rhel9_cis : Uninstall squid Package: Ensure squid is removed] ***
ok: [localhost]

TASK [/stigforge/roles/rhel9_cis : Uninstall Samba Package: Ensure samba is removed] ***
ok: [localhost]

TASK [/stigforge/roles/rhel9_cis : Uninstall net-snmp Package: Ensure net-snmp is removed] ***
ok: [localhost]

TASK [/stigforge/roles/rhel9_cis : Gather the package facts] *******************
ok: [localhost]

TASK [/stigforge/roles/rhel9_cis : Enable systemd-journald Service - Enable Service systemd-journald] ***
skipping: [localhost]

TASK [/stigforge/roles/rhel9_cis : Verify nftables Service is Disabled - Collect systemd Services Present in the System] ***
skipping: [localhost]

TASK [/stigforge/roles/rhel9_cis : Verify nftables Service is Disabled - Ensure nftables.service is Masked] ***
skipping: [localhost]

TASK [/stigforge/roles/rhel9_cis : Unit Socket Exists - nftables.socket] *******
skipping: [localhost]

TASK [/stigforge/roles/rhel9_cis : Verify nftables Service is Disabled - Disable Socket nftables] ***
skipping: [localhost]

TASK [/stigforge/roles/rhel9_cis : Disable Bluetooth Service - Collect systemd Services Present in the System] ***
skipping: [localhost]

TASK [/stigforge/roles/rhel9_cis : Disable Bluetooth Service - Ensure bluetooth.service is Masked] ***
skipping: [localhost]

TASK [/stigforge/roles/rhel9_cis : Unit Socket Exists - bluetooth.socket] ******
skipping: [localhost]

TASK [/stigforge/roles/rhel9_cis : Disable Bluetooth Service - Disable Socket bluetooth] ***
skipping: [localhost]

TASK [/stigforge/roles/rhel9_cis : Disable the Automounter - Collect systemd Services Present in the System] ***
skipping: [localhost]

TASK [/stigforge/roles/rhel9_cis : Disable the Automounter - Ensure autofs.service is Masked] ***
skipping: [localhost]

TASK [/stigforge/roles/rhel9_cis : Unit Socket Exists - autofs.socket] *********
skipping: [localhost]

TASK [/stigforge/roles/rhel9_cis : Disable the Automounter - Disable Socket autofs] ***
skipping: [localhost]

TASK [/stigforge/roles/rhel9_cis : Disable Avahi Server Software - Collect systemd Services Present in the System] ***
skipping: [localhost]

TASK [/stigforge/roles/rhel9_cis : Disable Avahi Server Software - Ensure avahi-daemon.service is Masked] ***
skipping: [localhost]

TASK [/stigforge/roles/rhel9_cis : Unit Socket Exists - avahi-daemon.socket] ***
skipping: [localhost]

TASK [/stigforge/roles/rhel9_cis : Disable Avahi Server Software - Disable Socket avahi-daemon] ***
skipping: [localhost]

TASK [/stigforge/roles/rhel9_cis : Enable cron Service - Enable Service crond] ***
skipping: [localhost]

TASK [/stigforge/roles/rhel9_cis : Disable rpcbind Service - Collect systemd Services Present in the System] ***
skipping: [localhost]

TASK [/stigforge/roles/rhel9_cis : Disable rpcbind Service - Ensure rpcbind.service is Masked] ***
skipping: [localhost]

TASK [/stigforge/roles/rhel9_cis : Unit Socket Exists - rpcbind.socket] ********
skipping: [localhost]

TASK [/stigforge/roles/rhel9_cis : Disable rpcbind Service - Disable Socket rpcbind] ***
skipping: [localhost]

TASK [/stigforge/roles/rhel9_cis : Disable Network File System (nfs) - Collect systemd Services Present in the System] ***
skipping: [localhost]

TASK [/stigforge/roles/rhel9_cis : Disable Network File System (nfs) - Ensure nfs-server.service is Masked] ***
skipping: [localhost]

TASK [/stigforge/roles/rhel9_cis : Unit Socket Exists - nfs-server.socket] *****
skipping: [localhost]

TASK [/stigforge/roles/rhel9_cis : Disable Network File System (nfs) - Disable Socket nfs-server] ***
skipping: [localhost]

TASK [/stigforge/roles/rhel9_cis : Disable the CUPS Service - Collect systemd Services Present in the System] ***
skipping: [localhost]

TASK [/stigforge/roles/rhel9_cis : Disable the CUPS Service - Ensure cups.service is Masked] ***
skipping: [localhost]

TASK [/stigforge/roles/rhel9_cis : Unit Socket Exists - cups.socket] ***********
skipping: [localhost]

TASK [/stigforge/roles/rhel9_cis : Disable the CUPS Service - Disable Socket cups] ***
skipping: [localhost]

TASK [/stigforge/roles/rhel9_cis : Gather the service facts] *******************
skipping: [localhost]

TASK [/stigforge/roles/rhel9_cis : Build and Test AIDE Database - Build and Test AIDE Database] ***
skipping: [localhost]

TASK [/stigforge/roles/rhel9_cis : Build and Test AIDE Database - Check Whether the Stock AIDE Database Exists] ***
skipping: [localhost]

TASK [/stigforge/roles/rhel9_cis : Build and Test AIDE Database - Stage AIDE Database] ***
skipping: [localhost]

TASK [/stigforge/roles/rhel9_cis : Set audit_tools fact] ***********************
skipping: [localhost]

TASK [/stigforge/roles/rhel9_cis : Ensure existing AIDE configuration for audit tools are correct] ***
skipping: [localhost]

TASK [/stigforge/roles/rhel9_cis : Configure AIDE to properly protect audit tools] ***
skipping: [localhost]

TASK [/stigforge/roles/rhel9_cis : Configure Periodic Execution of AIDE] *******
skipping: [localhost]

TASK [/stigforge/roles/rhel9_cis : Configure System Cryptography Policy] *******
changed: [localhost]

TASK [/stigforge/roles/rhel9_cis : Verify that Crypto Policy is Set (runtime)] ***
changed: [localhost]

TASK [/stigforge/roles/rhel9_cis : Configure SSH to use System Crypto Policy] ***
ok: [localhost]

TASK [/stigforge/roles/rhel9_cis : Run dconf update] ***************************
skipping: [localhost]

TASK [/stigforge/roles/rhel9_cis : Disable the GNOME3 Login User List] *********
skipping: [localhost]

TASK [/stigforge/roles/rhel9_cis : Prevent user modification of GNOME3 disablement of Login User List] ***
skipping: [localhost]

TASK [/stigforge/roles/rhel9_cis : Dconf Update] *******************************
skipping: [localhost]

TASK [/stigforge/roles/rhel9_cis : Disable XDMCP in GDM] ***********************
skipping: [localhost]

TASK [/stigforge/roles/rhel9_cis : Disable GNOME3 Automounting - automount] ****
skipping: [localhost]

TASK [/stigforge/roles/rhel9_cis : Prevent user modification of GNOME3 Automounting - automount] ***
skipping: [localhost]

TASK [/stigforge/roles/rhel9_cis : Dconf Update] *******************************
skipping: [localhost]

TASK [/stigforge/roles/rhel9_cis : Disable GNOME3 Automounting - automount-open] ***
skipping: [localhost]

TASK [/stigforge/roles/rhel9_cis : Prevent user modification of GNOME3 Automounting - automount-open] ***
skipping: [localhost]

TASK [/stigforge/roles/rhel9_cis : Dconf Update] *******************************
skipping: [localhost]

TASK [/stigforge/roles/rhel9_cis : Disable GNOME3 Automounting - autorun-never] ***
skipping: [localhost]

TASK [/stigforge/roles/rhel9_cis : Prevent user modification of GNOME3 Automounting - autorun-never] ***
skipping: [localhost]

TASK [/stigforge/roles/rhel9_cis : Dconf Update] *******************************
skipping: [localhost]

TASK [/stigforge/roles/rhel9_cis : Set GNOME3 Screensaver Lock Delay After Activation Period] ***
skipping: [localhost]

TASK [/stigforge/roles/rhel9_cis : Dconf Update] *******************************
skipping: [localhost]

TASK [/stigforge/roles/rhel9_cis : Prevent user modification of GNOME lock-delay] ***
skipping: [localhost]

TASK [/stigforge/roles/rhel9_cis : Dconf Update] *******************************
skipping: [localhost]

TASK [/stigforge/roles/rhel9_cis : Ensure use_pty is enabled in /etc/sudoers] ***
skipping: [localhost]

TASK [/stigforge/roles/rhel9_cis : Ensure logfile is enabled with the appropriate value in /etc/sudoers] ***
skipping: [localhost]

TASK [/stigforge/roles/rhel9_cis : Enable logfile option with appropriate value in /etc/sudoers] ***
skipping: [localhost]

TASK [/stigforge/roles/rhel9_cis : Ensure GPG check is globally activated] *****
ok: [localhost]

TASK [/stigforge/roles/rhel9_cis : Grep for dnf repo section names] ************
ok: [localhost]

TASK [/stigforge/roles/rhel9_cis : Set gpgcheck=1 for each dnf repo] ***********
ok: [localhost] => (item=['/etc/yum.repos.d/rocky.repo', 'baseos'])
ok: [localhost] => (item=['/etc/yum.repos.d/rocky.repo', 'baseos-debug'])
ok: [localhost] => (item=['/etc/yum.repos.d/rocky.repo', 'baseos-source'])
ok: [localhost] => (item=['/etc/yum.repos.d/rocky.repo', 'appstream'])
ok: [localhost] => (item=['/etc/yum.repos.d/rocky.repo', 'appstream-debug'])
ok: [localhost] => (item=['/etc/yum.repos.d/rocky.repo', 'appstream-source'])
ok: [localhost] => (item=['/etc/yum.repos.d/rocky.repo', 'crb'])
ok: [localhost] => (item=['/etc/yum.repos.d/rocky.repo', 'crb-debug'])
ok: [localhost] => (item=['/etc/yum.repos.d/rocky.repo', 'crb-source'])
ok: [localhost] => (item=['/etc/yum.repos.d/rocky-extras.repo', 'extras'])
ok: [localhost] => (item=['/etc/yum.repos.d/rocky-extras.repo', 'extras-debug'])
ok: [localhost] => (item=['/etc/yum.repos.d/rocky-extras.repo', 'extras-source'])
ok: [localhost] => (item=['/etc/yum.repos.d/rocky-extras.repo', 'plus'])
ok: [localhost] => (item=['/etc/yum.repos.d/rocky-extras.repo', 'plus-debug'])
ok: [localhost] => (item=['/etc/yum.repos.d/rocky-extras.repo', 'plus-source'])
ok: [localhost] => (item=['/etc/yum.repos.d/rocky-devel.repo', 'devel'])
ok: [localhost] => (item=['/etc/yum.repos.d/rocky-devel.repo', 'devel-debug'])
ok: [localhost] => (item=['/etc/yum.repos.d/rocky-devel.repo', 'devel-source'])
ok: [localhost] => (item=['/etc/yum.repos.d/rocky-addons.repo', 'highavailability'])
ok: [localhost] => (item=['/etc/yum.repos.d/rocky-addons.repo', 'highavailability-debug'])
ok: [localhost] => (item=['/etc/yum.repos.d/rocky-addons.repo', 'highavailability-source'])
ok: [localhost] => (item=['/etc/yum.repos.d/rocky-addons.repo', 'resilientstorage'])
ok: [localhost] => (item=['/etc/yum.repos.d/rocky-addons.repo', 'resilientstorage-debug'])
ok: [localhost] => (item=['/etc/yum.repos.d/rocky-addons.repo', 'resilientstorage-source'])
ok: [localhost] => (item=['/etc/yum.repos.d/rocky-addons.repo', 'nfv'])
ok: [localhost] => (item=['/etc/yum.repos.d/rocky-addons.repo', 'nfv-debug'])
ok: [localhost] => (item=['/etc/yum.repos.d/rocky-addons.repo', 'nfv-source'])
ok: [localhost] => (item=['/etc/yum.repos.d/rocky-addons.repo', 'rt'])
ok: [localhost] => (item=['/etc/yum.repos.d/rocky-addons.repo', 'rt-debug'])
ok: [localhost] => (item=['/etc/yum.repos.d/rocky-addons.repo', 'rt-source'])
ok: [localhost] => (item=['/etc/yum.repos.d/rocky-addons.repo', 'sap'])
ok: [localhost] => (item=['/etc/yum.repos.d/rocky-addons.repo', 'sap-debug'])
ok: [localhost] => (item=['/etc/yum.repos.d/rocky-addons.repo', 'sap-source'])
ok: [localhost] => (item=['/etc/yum.repos.d/rocky-addons.repo', 'saphana'])
ok: [localhost] => (item=['/etc/yum.repos.d/rocky-addons.repo', 'saphana-debug'])
ok: [localhost] => (item=['/etc/yum.repos.d/rocky-addons.repo', 'saphana-source'])

TASK [/stigforge/roles/rhel9_cis : Enable authselect - Check Current authselect Profile] ***
ok: [localhost]

TASK [/stigforge/roles/rhel9_cis : Enable authselect - Try to Select an authselect Profile] ***
ok: [localhost]

TASK [/stigforge/roles/rhel9_cis : Enable authselect - Verify If pam Has Been Altered] ***
ok: [localhost]

TASK [/stigforge/roles/rhel9_cis : Enable authselect - Informative Message Based on authselect Integrity Check] ***
ok: [localhost] => {
    "changed": false,
    "msg": "All assertions passed"
}

TASK [/stigforge/roles/rhel9_cis : Enable authselect - Force authselect Profile Selection] ***
changed: [localhost]

TASK [/stigforge/roles/rhel9_cis : Ensure Local Login Warning Banner Is Configured Properly - Copy using inline content] ***
skipping: [localhost]

TASK [/stigforge/roles/rhel9_cis : Ensure Remote Login Warning Banner Is Configured Properly - Copy using inline content] ***
skipping: [localhost]

TASK [/stigforge/roles/rhel9_cis : Ensure Message Of The Day Is Configured Properly - Copy using inline content] ***
skipping: [localhost]

TASK [/stigforge/roles/rhel9_cis : Set the file_groupowner_etc_issue_newgroup variable if represented by gid] ***
ok: [localhost]

TASK [/stigforge/roles/rhel9_cis : Test for existence /etc/issue] **************
ok: [localhost]

TASK [/stigforge/roles/rhel9_cis : Ensure group owner on /etc/issue] ***********
ok: [localhost]

TASK [/stigforge/roles/rhel9_cis : Set the file_groupowner_etc_issue_net_newgroup variable if represented by gid] ***
ok: [localhost]

TASK [/stigforge/roles/rhel9_cis : Test for existence /etc/issue.net] **********
ok: [localhost]

TASK [/stigforge/roles/rhel9_cis : Ensure group owner on /etc/issue.net] *******
ok: [localhost]

TASK [/stigforge/roles/rhel9_cis : Set the file_groupowner_etc_motd_newgroup variable if represented by gid] ***
ok: [localhost]

TASK [/stigforge/roles/rhel9_cis : Test for existence /etc/motd] ***************
ok: [localhost]

TASK [/stigforge/roles/rhel9_cis : Ensure group owner on /etc/motd] ************
ok: [localhost]

TASK [/stigforge/roles/rhel9_cis : Set the file_owner_etc_issue_newown variable if represented by uid] ***
ok: [localhost]

TASK [/stigforge/roles/rhel9_cis : Test for existence /etc/issue] **************
ok: [localhost]

TASK [/stigforge/roles/rhel9_cis : Ensure owner on /etc/issue] *****************
ok: [localhost]

TASK [/stigforge/roles/rhel9_cis : Set the file_owner_etc_issue_net_newown variable if represented by uid] ***
ok: [localhost]

TASK [/stigforge/roles/rhel9_cis : Test for existence /etc/issue.net] **********
ok: [localhost]

TASK [/stigforge/roles/rhel9_cis : Ensure owner on /etc/issue.net] *************
ok: [localhost]

TASK [/stigforge/roles/rhel9_cis : Set the file_owner_etc_motd_newown variable if represented by uid] ***
ok: [localhost]

TASK [/stigforge/roles/rhel9_cis : Test for existence /etc/motd] ***************
ok: [localhost]

TASK [/stigforge/roles/rhel9_cis : Ensure owner on /etc/motd] ******************
ok: [localhost]

TASK [/stigforge/roles/rhel9_cis : Test for existence /etc/issue] **************
ok: [localhost]

TASK [/stigforge/roles/rhel9_cis : Ensure permission u-xs,g-xws,o-xwt on /etc/issue] ***
ok: [localhost]

TASK [/stigforge/roles/rhel9_cis : Test for existence /etc/issue.net] **********
ok: [localhost]

TASK [/stigforge/roles/rhel9_cis : Ensure permission u-xs,g-xws,o-xwt on /etc/issue.net] ***
ok: [localhost]

TASK [/stigforge/roles/rhel9_cis : Test for existence /etc/motd] ***************
ok: [localhost]

TASK [/stigforge/roles/rhel9_cis : Ensure permission u-xs,g-xws,o-xwt on /etc/motd] ***
ok: [localhost]

TASK [/stigforge/roles/rhel9_cis : Enable GNOME3 Login Warning Banner] *********
skipping: [localhost]

TASK [/stigforge/roles/rhel9_cis : Prevent user modification of GNOME banner-message-enabled] ***
skipping: [localhost]

TASK [/stigforge/roles/rhel9_cis : Dconf Update] *******************************
skipping: [localhost]

TASK [/stigforge/roles/rhel9_cis : Set the GNOME3 Login Warning Banner Text] ***
skipping: [localhost] => (item=distro.d) 
skipping: [localhost] => (item=distro.d/locks) 
skipping: [localhost]

TASK [/stigforge/roles/rhel9_cis : Set the GNOME3 Login Warning Banner Text] ***
skipping: [localhost] => (item=00-security-settings) 
skipping: [localhost] => (item=locks/00-security-settings-lock) 
skipping: [localhost]

TASK [/stigforge/roles/rhel9_cis : Set the GNOME3 Login Warning Banner Text] ***
skipping: [localhost]

TASK [/stigforge/roles/rhel9_cis : Prevent user modification of the GNOME3 Login Warning Banner Text] ***
skipping: [localhost]

TASK [/stigforge/roles/rhel9_cis : Dconf Update] *******************************
skipping: [localhost]

TASK [/stigforge/roles/rhel9_cis : Configure the Use of the pam_faillock.so Module in the /etc/pam.d/password-auth File. - Check if system relies on authselect tool] ***
ok: [localhost]

TASK [/stigforge/roles/rhel9_cis : Configure the Use of the pam_faillock.so Module in the /etc/pam.d/password-auth File. - Check integrity of authselect current profile] ***
ok: [localhost]

TASK [/stigforge/roles/rhel9_cis : Configure the Use of the pam_faillock.so Module in the /etc/pam.d/password-auth File. - Informative message based on the authselect integrity check result] ***
ok: [localhost] => {
    "changed": false,
    "msg": [
        "authselect integrity check passed"
    ]
}

TASK [/stigforge/roles/rhel9_cis : Configure the Use of the pam_faillock.so Module in the /etc/pam.d/password-auth File. - Get authselect current features] ***
ok: [localhost]

TASK [/stigforge/roles/rhel9_cis : Configure the Use of the pam_faillock.so Module in the /etc/pam.d/password-auth File. - Ensure "with-faillock" feature is enabled using authselect tool] ***
changed: [localhost]

TASK [/stigforge/roles/rhel9_cis : Configure the Use of the pam_faillock.so Module in the /etc/pam.d/password-auth File. - Ensure authselect changes are applied] ***
changed: [localhost]

TASK [/stigforge/roles/rhel9_cis : Configure the Use of the pam_faillock.so Module in the /etc/pam.d/password-auth File. - Check if pam_faillock.so is already enabled] ***
skipping: [localhost]

TASK [/stigforge/roles/rhel9_cis : Configure the Use of the pam_faillock.so Module in the /etc/pam.d/password-auth File. - Enable pam_faillock.so preauth editing PAM files] ***
skipping: [localhost] => (item=/etc/pam.d/system-auth) 
skipping: [localhost] => (item=/etc/pam.d/password-auth) 
skipping: [localhost]

TASK [/stigforge/roles/rhel9_cis : Configure the Use of the pam_faillock.so Module in the /etc/pam.d/password-auth File. - Enable pam_faillock.so authfail editing PAM files] ***
skipping: [localhost] => (item=/etc/pam.d/system-auth) 
skipping: [localhost] => (item=/etc/pam.d/password-auth) 
skipping: [localhost]

TASK [/stigforge/roles/rhel9_cis : Configure the Use of the pam_faillock.so Module in the /etc/pam.d/password-auth File. - Enable pam_faillock.so account section editing PAM files] ***
skipping: [localhost] => (item=/etc/pam.d/system-auth) 
skipping: [localhost] => (item=/etc/pam.d/password-auth) 
skipping: [localhost]

TASK [/stigforge/roles/rhel9_cis : Configure the Use of the pam_faillock.so Module in the /etc/pam.d/system-auth File. - Check if system relies on authselect tool] ***
ok: [localhost]

TASK [/stigforge/roles/rhel9_cis : Configure the Use of the pam_faillock.so Module in the /etc/pam.d/system-auth File. - Check integrity of authselect current profile] ***
ok: [localhost]

TASK [/stigforge/roles/rhel9_cis : Configure the Use of the pam_faillock.so Module in the /etc/pam.d/system-auth File. - Informative message based on the authselect integrity check result] ***
ok: [localhost] => {
    "changed": false,
    "msg": [
        "authselect integrity check passed"
    ]
}

TASK [/stigforge/roles/rhel9_cis : Configure the Use of the pam_faillock.so Module in the /etc/pam.d/system-auth File. - Get authselect current features] ***
ok: [localhost]

TASK [/stigforge/roles/rhel9_cis : Configure the Use of the pam_faillock.so Module in the /etc/pam.d/system-auth File. - Ensure "with-faillock" feature is enabled using authselect tool] ***
skipping: [localhost]

TASK [/stigforge/roles/rhel9_cis : Configure the Use of the pam_faillock.so Module in the /etc/pam.d/system-auth File. - Ensure authselect changes are applied] ***
skipping: [localhost]

TASK [/stigforge/roles/rhel9_cis : Configure the Use of the pam_faillock.so Module in the /etc/pam.d/system-auth File. - Check if pam_faillock.so is already enabled] ***
skipping: [localhost]

TASK [/stigforge/roles/rhel9_cis : Configure the Use of the pam_faillock.so Module in the /etc/pam.d/system-auth File. - Enable pam_faillock.so preauth editing PAM files] ***
skipping: [localhost] => (item=/etc/pam.d/system-auth) 
skipping: [localhost] => (item=/etc/pam.d/password-auth) 
skipping: [localhost]

TASK [/stigforge/roles/rhel9_cis : Configure the Use of the pam_faillock.so Module in the /etc/pam.d/system-auth File. - Enable pam_faillock.so authfail editing PAM files] ***
skipping: [localhost] => (item=/etc/pam.d/system-auth) 
skipping: [localhost] => (item=/etc/pam.d/password-auth) 
skipping: [localhost]

TASK [/stigforge/roles/rhel9_cis : Configure the Use of the pam_faillock.so Module in the /etc/pam.d/system-auth File. - Enable pam_faillock.so account section editing PAM files] ***
skipping: [localhost] => (item=/etc/pam.d/system-auth) 
skipping: [localhost] => (item=/etc/pam.d/password-auth) 
skipping: [localhost]

TASK [/stigforge/roles/rhel9_cis : Limit Password Reuse: password-auth - Check if system relies on authselect tool] ***
ok: [localhost]

TASK [/stigforge/roles/rhel9_cis : Limit Password Reuse: password-auth - Collect the available authselect features] ***
ok: [localhost]

TASK [/stigforge/roles/rhel9_cis : Limit Password Reuse: password-auth - Check integrity of authselect current profile] ***
ok: [localhost]

TASK [/stigforge/roles/rhel9_cis : Limit Password Reuse: password-auth - Informative message based on the authselect integrity check result] ***
ok: [localhost] => {
    "changed": false,
    "msg": [
        "authselect integrity check passed"
    ]
}

TASK [/stigforge/roles/rhel9_cis : Limit Password Reuse: password-auth - Get authselect current features] ***
ok: [localhost]

TASK [/stigforge/roles/rhel9_cis : Limit Password Reuse: password-auth - Ensure "with-pwhistory" feature is enabled using authselect tool] ***
changed: [localhost]

TASK [/stigforge/roles/rhel9_cis : Limit Password Reuse: password-auth - Ensure authselect changes are applied] ***
changed: [localhost]

TASK [/stigforge/roles/rhel9_cis : Limit Password Reuse: password-auth - Define the PAM file to be edited as a local fact] ***
skipping: [localhost]

TASK [/stigforge/roles/rhel9_cis : Limit Password Reuse: password-auth - Check if system relies on authselect tool] ***
skipping: [localhost]

TASK [/stigforge/roles/rhel9_cis : Limit Password Reuse: password-auth - Check integrity of authselect current profile] ***
skipping: [localhost]

TASK [/stigforge/roles/rhel9_cis : Limit Password Reuse: password-auth - Informative message based on the authselect integrity check result] ***
skipping: [localhost]

TASK [/stigforge/roles/rhel9_cis : Limit Password Reuse: password-auth - Get authselect current profile] ***
skipping: [localhost]

TASK [/stigforge/roles/rhel9_cis : Limit Password Reuse: password-auth - Define the current authselect profile as a local fact] ***
skipping: [localhost]

TASK [/stigforge/roles/rhel9_cis : Limit Password Reuse: password-auth - Define the new authselect custom profile as a local fact] ***
skipping: [localhost]

TASK [/stigforge/roles/rhel9_cis : Limit Password Reuse: password-auth - Get authselect current features to also enable them in the custom profile] ***
skipping: [localhost]

TASK [/stigforge/roles/rhel9_cis : Limit Password Reuse: password-auth - Check if any custom profile with the same name was already created] ***
skipping: [localhost]

TASK [/stigforge/roles/rhel9_cis : Limit Password Reuse: password-auth - Create an authselect custom profile based on the current profile] ***
skipping: [localhost]

TASK [/stigforge/roles/rhel9_cis : Limit Password Reuse: password-auth - Create an authselect custom profile based on sssd profile] ***
skipping: [localhost]

TASK [/stigforge/roles/rhel9_cis : Limit Password Reuse: password-auth - Ensure authselect changes are applied] ***
skipping: [localhost]

TASK [/stigforge/roles/rhel9_cis : Limit Password Reuse: password-auth - Ensure the authselect custom profile is selected] ***
skipping: [localhost]

TASK [/stigforge/roles/rhel9_cis : Limit Password Reuse: password-auth - Restore the authselect features in the custom profile] ***
skipping: [localhost]

TASK [/stigforge/roles/rhel9_cis : Limit Password Reuse: password-auth - Ensure authselect changes are applied] ***
skipping: [localhost]

TASK [/stigforge/roles/rhel9_cis : Limit Password Reuse: password-auth - Change the PAM file to be edited according to the custom authselect profile] ***
skipping: [localhost]

TASK [/stigforge/roles/rhel9_cis : Limit Password Reuse: password-auth - Define a fact for control already filtered in case filters are used] ***
skipping: [localhost]

TASK [/stigforge/roles/rhel9_cis : Limit Password Reuse: password-auth - Check if expected PAM module line is present in {{ pam_file_path }}] ***
skipping: [localhost]

TASK [/stigforge/roles/rhel9_cis : Limit Password Reuse: password-auth - Check if required PAM module line is present in {{ pam_file_path }} with different control] ***
skipping: [localhost]

TASK [/stigforge/roles/rhel9_cis : Limit Password Reuse: password-auth - Ensure the correct control for the required PAM module line in {{ pam_file_path }}] ***
skipping: [localhost]

TASK [/stigforge/roles/rhel9_cis : Limit Password Reuse: password-auth - Ensure the required PAM module line is included in {{ pam_file_path }}] ***
skipping: [localhost]

TASK [/stigforge/roles/rhel9_cis : Limit Password Reuse: password-auth - Ensure authselect changes are applied] ***
skipping: [localhost]

TASK [/stigforge/roles/rhel9_cis : Limit Password Reuse: password-auth - Check the presence of /etc/security/pwhistory.conf file] ***
ok: [localhost]

TASK [/stigforge/roles/rhel9_cis : Limit Password Reuse: password-auth - Ensure the pam_pwhistory.so remember parameter in /etc/security/pwhistory.conf] ***
changed: [localhost]

TASK [/stigforge/roles/rhel9_cis : Limit Password Reuse: password-auth - Check if /etc/pam.d/password-auth file is present] ***
ok: [localhost]

TASK [/stigforge/roles/rhel9_cis : Limit Password Reuse: password-auth - Define the PAM file to be edited as a local fact] ***
ok: [localhost]

TASK [/stigforge/roles/rhel9_cis : Limit Password Reuse: password-auth - Check if system relies on authselect tool] ***
ok: [localhost]

TASK [/stigforge/roles/rhel9_cis : Limit Password Reuse: password-auth - Check integrity of authselect current profile] ***
ok: [localhost]

TASK [/stigforge/roles/rhel9_cis : Limit Password Reuse: password-auth - Informative message based on the authselect integrity check result] ***
ok: [localhost] => {
    "changed": false,
    "msg": [
        "authselect integrity check passed"
    ]
}

TASK [/stigforge/roles/rhel9_cis : Limit Password Reuse: password-auth - Get authselect current profile] ***
ok: [localhost]

TASK [/stigforge/roles/rhel9_cis : Limit Password Reuse: password-auth - Define the current authselect profile as a local fact] ***
skipping: [localhost]

TASK [/stigforge/roles/rhel9_cis : Limit Password Reuse: password-auth - Define the new authselect custom profile as a local fact] ***
ok: [localhost]

TASK [/stigforge/roles/rhel9_cis : Limit Password Reuse: password-auth - Get authselect current features to also enable them in the custom profile] ***
ok: [localhost]

TASK [/stigforge/roles/rhel9_cis : Limit Password Reuse: password-auth - Check if any custom profile with the same name was already created] ***
ok: [localhost]

TASK [/stigforge/roles/rhel9_cis : Limit Password Reuse: password-auth - Create an authselect custom profile based on the current profile] ***
changed: [localhost]

TASK [/stigforge/roles/rhel9_cis : Limit Password Reuse: password-auth - Create an authselect custom profile based on sssd profile] ***
skipping: [localhost]

TASK [/stigforge/roles/rhel9_cis : Limit Password Reuse: password-auth - Ensure authselect changes are applied] ***
changed: [localhost]

TASK [/stigforge/roles/rhel9_cis : Limit Password Reuse: password-auth - Ensure the authselect custom profile is selected] ***
changed: [localhost]

TASK [/stigforge/roles/rhel9_cis : Limit Password Reuse: password-auth - Restore the authselect features in the custom profile] ***
changed: [localhost] => (item=with-faillock)
changed: [localhost] => (item=with-pwhistory)

TASK [/stigforge/roles/rhel9_cis : Limit Password Reuse: password-auth - Ensure authselect changes are applied] ***
changed: [localhost]

TASK [/stigforge/roles/rhel9_cis : Limit Password Reuse: password-auth - Change the PAM file to be edited according to the custom authselect profile] ***
ok: [localhost]

TASK [/stigforge/roles/rhel9_cis : Limit Password Reuse: password-auth - Define a fact for control already filtered in case filters are used] ***
ok: [localhost]

TASK [/stigforge/roles/rhel9_cis : Limit Password Reuse: password-auth - Check if /etc/authselect/custom/hardening/password-auth file is present] ***
ok: [localhost]

TASK [/stigforge/roles/rhel9_cis : Limit Password Reuse: password-auth - Ensure the "remember" option from "pam_pwhistory.so" is not present in /etc/authselect/custom/hardening/password-auth] ***
ok: [localhost]

TASK [/stigforge/roles/rhel9_cis : Limit Password Reuse: password-auth - Ensure authselect changes are applied] ***
skipping: [localhost]

TASK [/stigforge/roles/rhel9_cis : Limit Password Reuse: password-auth - Define the PAM file to be edited as a local fact] ***
skipping: [localhost]

TASK [/stigforge/roles/rhel9_cis : Limit Password Reuse: password-auth - Check if system relies on authselect tool] ***
skipping: [localhost]

TASK [/stigforge/roles/rhel9_cis : Limit Password Reuse: password-auth - Check integrity of authselect current profile] ***
skipping: [localhost]

TASK [/stigforge/roles/rhel9_cis : Limit Password Reuse: password-auth - Informative message based on the authselect integrity check result] ***
skipping: [localhost]

TASK [/stigforge/roles/rhel9_cis : Limit Password Reuse: password-auth - Get authselect current profile] ***
skipping: [localhost]

TASK [/stigforge/roles/rhel9_cis : Limit Password Reuse: password-auth - Define the current authselect profile as a local fact] ***
skipping: [localhost]

TASK [/stigforge/roles/rhel9_cis : Limit Password Reuse: password-auth - Define the new authselect custom profile as a local fact] ***
skipping: [localhost]

TASK [/stigforge/roles/rhel9_cis : Limit Password Reuse: password-auth - Get authselect current features to also enable them in the custom profile] ***
skipping: [localhost]

TASK [/stigforge/roles/rhel9_cis : Limit Password Reuse: password-auth - Check if any custom profile with the same name was already created] ***
skipping: [localhost]

TASK [/stigforge/roles/rhel9_cis : Limit Password Reuse: password-auth - Create an authselect custom profile based on the current profile] ***
skipping: [localhost]

TASK [/stigforge/roles/rhel9_cis : Limit Password Reuse: password-auth - Create an authselect custom profile based on sssd profile] ***
skipping: [localhost]

TASK [/stigforge/roles/rhel9_cis : Limit Password Reuse: password-auth - Ensure authselect changes are applied] ***
skipping: [localhost]

TASK [/stigforge/roles/rhel9_cis : Limit Password Reuse: password-auth - Ensure the authselect custom profile is selected] ***
skipping: [localhost]

TASK [/stigforge/roles/rhel9_cis : Limit Password Reuse: password-auth - Restore the authselect features in the custom profile] ***
skipping: [localhost]

TASK [/stigforge/roles/rhel9_cis : Limit Password Reuse: password-auth - Ensure authselect changes are applied] ***
skipping: [localhost]

TASK [/stigforge/roles/rhel9_cis : Limit Password Reuse: password-auth - Change the PAM file to be edited according to the custom authselect profile] ***
skipping: [localhost]

TASK [/stigforge/roles/rhel9_cis : Limit Password Reuse: password-auth - Define a fact for control already filtered in case filters are used] ***
skipping: [localhost]

TASK [/stigforge/roles/rhel9_cis : Limit Password Reuse: password-auth - Check if expected PAM module line is present in /etc/authselect/custom/hardening/password-auth] ***
skipping: [localhost]

TASK [/stigforge/roles/rhel9_cis : Limit Password Reuse: password-auth - Check if required PAM module line is present in /etc/authselect/custom/hardening/password-auth with different control] ***
skipping: [localhost]

TASK [/stigforge/roles/rhel9_cis : Limit Password Reuse: password-auth - Ensure the correct control for the required PAM module line in /etc/authselect/custom/hardening/password-auth] ***
skipping: [localhost]

TASK [/stigforge/roles/rhel9_cis : Limit Password Reuse: password-auth - Ensure the required PAM module line is included in /etc/authselect/custom/hardening/password-auth] ***
skipping: [localhost]

TASK [/stigforge/roles/rhel9_cis : Limit Password Reuse: password-auth - Ensure authselect changes are applied] ***
skipping: [localhost]

TASK [/stigforge/roles/rhel9_cis : Limit Password Reuse: password-auth - Define a fact for control already filtered in case filters are used] ***
skipping: [localhost]

TASK [/stigforge/roles/rhel9_cis : Limit Password Reuse: password-auth - Check if the required PAM module option is present in /etc/authselect/custom/hardening/password-auth] ***
skipping: [localhost]

TASK [/stigforge/roles/rhel9_cis : Limit Password Reuse: password-auth - Ensure the "remember" PAM option for "pam_pwhistory.so" is included in /etc/authselect/custom/hardening/password-auth] ***
skipping: [localhost]

TASK [/stigforge/roles/rhel9_cis : Limit Password Reuse: password-auth - Ensure the required value for "remember" PAM option from "pam_pwhistory.so" in /etc/authselect/custom/hardening/password-auth] ***
skipping: [localhost]

TASK [/stigforge/roles/rhel9_cis : Limit Password Reuse: password-auth - Ensure authselect changes are applied] ***
skipping: [localhost]

TASK [/stigforge/roles/rhel9_cis : Limit Password Reuse: system-auth - Check if system relies on authselect tool] ***
ok: [localhost]

TASK [/stigforge/roles/rhel9_cis : Limit Password Reuse: system-auth - Collect the available authselect features] ***
ok: [localhost]

TASK [/stigforge/roles/rhel9_cis : Limit Password Reuse: system-auth - Check integrity of authselect current profile] ***
ok: [localhost]

TASK [/stigforge/roles/rhel9_cis : Limit Password Reuse: system-auth - Informative message based on the authselect integrity check result] ***
ok: [localhost] => {
    "changed": false,
    "msg": [
        "authselect integrity check passed"
    ]
}

TASK [/stigforge/roles/rhel9_cis : Limit Password Reuse: system-auth - Get authselect current features] ***
ok: [localhost]

TASK [/stigforge/roles/rhel9_cis : Limit Password Reuse: system-auth - Ensure "with-pwhistory" feature is enabled using authselect tool] ***
skipping: [localhost]

TASK [/stigforge/roles/rhel9_cis : Limit Password Reuse: system-auth - Ensure authselect changes are applied] ***
skipping: [localhost]

TASK [/stigforge/roles/rhel9_cis : Limit Password Reuse: system-auth - Define the PAM file to be edited as a local fact] ***
skipping: [localhost]

TASK [/stigforge/roles/rhel9_cis : Limit Password Reuse: system-auth - Check if system relies on authselect tool] ***
skipping: [localhost]

TASK [/stigforge/roles/rhel9_cis : Limit Password Reuse: system-auth - Check integrity of authselect current profile] ***
skipping: [localhost]

TASK [/stigforge/roles/rhel9_cis : Limit Password Reuse: system-auth - Informative message based on the authselect integrity check result] ***
skipping: [localhost]

TASK [/stigforge/roles/rhel9_cis : Limit Password Reuse: system-auth - Get authselect current profile] ***
skipping: [localhost]

TASK [/stigforge/roles/rhel9_cis : Limit Password Reuse: system-auth - Define the current authselect profile as a local fact] ***
skipping: [localhost]

TASK [/stigforge/roles/rhel9_cis : Limit Password Reuse: system-auth - Define the new authselect custom profile as a local fact] ***
skipping: [localhost]

TASK [/stigforge/roles/rhel9_cis : Limit Password Reuse: system-auth - Get authselect current features to also enable them in the custom profile] ***
skipping: [localhost]

TASK [/stigforge/roles/rhel9_cis : Limit Password Reuse: system-auth - Check if any custom profile with the same name was already created] ***
skipping: [localhost]

TASK [/stigforge/roles/rhel9_cis : Limit Password Reuse: system-auth - Create an authselect custom profile based on the current profile] ***
skipping: [localhost]

TASK [/stigforge/roles/rhel9_cis : Limit Password Reuse: system-auth - Create an authselect custom profile based on sssd profile] ***
skipping: [localhost]

TASK [/stigforge/roles/rhel9_cis : Limit Password Reuse: system-auth - Ensure authselect changes are applied] ***
skipping: [localhost]

TASK [/stigforge/roles/rhel9_cis : Limit Password Reuse: system-auth - Ensure the authselect custom profile is selected] ***
skipping: [localhost]

TASK [/stigforge/roles/rhel9_cis : Limit Password Reuse: system-auth - Restore the authselect features in the custom profile] ***
skipping: [localhost]

TASK [/stigforge/roles/rhel9_cis : Limit Password Reuse: system-auth - Ensure authselect changes are applied] ***
skipping: [localhost]

TASK [/stigforge/roles/rhel9_cis : Limit Password Reuse: system-auth - Change the PAM file to be edited according to the custom authselect profile] ***
skipping: [localhost]

TASK [/stigforge/roles/rhel9_cis : Limit Password Reuse: system-auth - Define a fact for control already filtered in case filters are used] ***
skipping: [localhost]

TASK [/stigforge/roles/rhel9_cis : Limit Password Reuse: system-auth - Check if expected PAM module line is present in /etc/authselect/custom/hardening/password-auth] ***
skipping: [localhost]

TASK [/stigforge/roles/rhel9_cis : Limit Password Reuse: system-auth - Check if required PAM module line is present in /etc/authselect/custom/hardening/password-auth with different control] ***
skipping: [localhost]

TASK [/stigforge/roles/rhel9_cis : Limit Password Reuse: system-auth - Ensure the correct control for the required PAM module line in /etc/authselect/custom/hardening/password-auth] ***
skipping: [localhost]

TASK [/stigforge/roles/rhel9_cis : Limit Password Reuse: system-auth - Ensure the required PAM module line is included in /etc/authselect/custom/hardening/password-auth] ***
skipping: [localhost]

TASK [/stigforge/roles/rhel9_cis : Limit Password Reuse: system-auth - Ensure authselect changes are applied] ***
skipping: [localhost]

TASK [/stigforge/roles/rhel9_cis : Limit Password Reuse: system-auth - Check the presence of /etc/security/pwhistory.conf file] ***
ok: [localhost]

TASK [/stigforge/roles/rhel9_cis : Limit Password Reuse: system-auth - Ensure the pam_pwhistory.so remember parameter in /etc/security/pwhistory.conf] ***
ok: [localhost]

TASK [/stigforge/roles/rhel9_cis : Limit Password Reuse: system-auth - Check if /etc/pam.d/system-auth file is present] ***
ok: [localhost]

TASK [/stigforge/roles/rhel9_cis : Limit Password Reuse: system-auth - Define the PAM file to be edited as a local fact] ***
ok: [localhost]

TASK [/stigforge/roles/rhel9_cis : Limit Password Reuse: system-auth - Check if system relies on authselect tool] ***
ok: [localhost]

TASK [/stigforge/roles/rhel9_cis : Limit Password Reuse: system-auth - Check integrity of authselect current profile] ***
ok: [localhost]

TASK [/stigforge/roles/rhel9_cis : Limit Password Reuse: system-auth - Informative message based on the authselect integrity check result] ***
ok: [localhost] => {
    "changed": false,
    "msg": [
        "authselect integrity check passed"
    ]
}

TASK [/stigforge/roles/rhel9_cis : Limit Password Reuse: system-auth - Get authselect current profile] ***
ok: [localhost]

TASK [/stigforge/roles/rhel9_cis : Limit Password Reuse: system-auth - Define the current authselect profile as a local fact] ***
ok: [localhost]

TASK [/stigforge/roles/rhel9_cis : Limit Password Reuse: system-auth - Define the new authselect custom profile as a local fact] ***
skipping: [localhost]

TASK [/stigforge/roles/rhel9_cis : Limit Password Reuse: system-auth - Get authselect current features to also enable them in the custom profile] ***
skipping: [localhost]

TASK [/stigforge/roles/rhel9_cis : Limit Password Reuse: system-auth - Check if any custom profile with the same name was already created] ***
skipping: [localhost]

TASK [/stigforge/roles/rhel9_cis : Limit Password Reuse: system-auth - Create an authselect custom profile based on the current profile] ***
skipping: [localhost]

TASK [/stigforge/roles/rhel9_cis : Limit Password Reuse: system-auth - Create an authselect custom profile based on sssd profile] ***
skipping: [localhost]

TASK [/stigforge/roles/rhel9_cis : Limit Password Reuse: system-auth - Ensure authselect changes are applied] ***
skipping: [localhost]

TASK [/stigforge/roles/rhel9_cis : Limit Password Reuse: system-auth - Ensure the authselect custom profile is selected] ***
skipping: [localhost]

TASK [/stigforge/roles/rhel9_cis : Limit Password Reuse: system-auth - Restore the authselect features in the custom profile] ***
skipping: [localhost]

TASK [/stigforge/roles/rhel9_cis : Limit Password Reuse: system-auth - Ensure authselect changes are applied] ***
skipping: [localhost]

TASK [/stigforge/roles/rhel9_cis : Limit Password Reuse: system-auth - Change the PAM file to be edited according to the custom authselect profile] ***
ok: [localhost]

TASK [/stigforge/roles/rhel9_cis : Limit Password Reuse: system-auth - Define a fact for control already filtered in case filters are used] ***
ok: [localhost]

TASK [/stigforge/roles/rhel9_cis : Limit Password Reuse: system-auth - Check if /etc/authselect/custom/hardening/system-auth file is present] ***
ok: [localhost]

TASK [/stigforge/roles/rhel9_cis : Limit Password Reuse: system-auth - Ensure the "remember" option from "pam_pwhistory.so" is not present in /etc/authselect/custom/hardening/system-auth] ***
ok: [localhost]

TASK [/stigforge/roles/rhel9_cis : Limit Password Reuse: system-auth - Ensure authselect changes are applied] ***
skipping: [localhost]

TASK [/stigforge/roles/rhel9_cis : Limit Password Reuse: system-auth - Define the PAM file to be edited as a local fact] ***
skipping: [localhost]

TASK [/stigforge/roles/rhel9_cis : Limit Password Reuse: system-auth - Check if system relies on authselect tool] ***
skipping: [localhost]

TASK [/stigforge/roles/rhel9_cis : Limit Password Reuse: system-auth - Check integrity of authselect current profile] ***
skipping: [localhost]

TASK [/stigforge/roles/rhel9_cis : Limit Password Reuse: system-auth - Informative message based on the authselect integrity check result] ***
skipping: [localhost]

TASK [/stigforge/roles/rhel9_cis : Limit Password Reuse: system-auth - Get authselect current profile] ***
skipping: [localhost]

TASK [/stigforge/roles/rhel9_cis : Limit Password Reuse: system-auth - Define the current authselect profile as a local fact] ***
skipping: [localhost]

TASK [/stigforge/roles/rhel9_cis : Limit Password Reuse: system-auth - Define the new authselect custom profile as a local fact] ***
skipping: [localhost]

TASK [/stigforge/roles/rhel9_cis : Limit Password Reuse: system-auth - Get authselect current features to also enable them in the custom profile] ***
skipping: [localhost]

TASK [/stigforge/roles/rhel9_cis : Limit Password Reuse: system-auth - Check if any custom profile with the same name was already created] ***
skipping: [localhost]

TASK [/stigforge/roles/rhel9_cis : Limit Password Reuse: system-auth - Create an authselect custom profile based on the current profile] ***
skipping: [localhost]

TASK [/stigforge/roles/rhel9_cis : Limit Password Reuse: system-auth - Create an authselect custom profile based on sssd profile] ***
skipping: [localhost]

TASK [/stigforge/roles/rhel9_cis : Limit Password Reuse: system-auth - Ensure authselect changes are applied] ***
skipping: [localhost]

TASK [/stigforge/roles/rhel9_cis : Limit Password Reuse: system-auth - Ensure the authselect custom profile is selected] ***
skipping: [localhost]

TASK [/stigforge/roles/rhel9_cis : Limit Password Reuse: system-auth - Restore the authselect features in the custom profile] ***
skipping: [localhost]

TASK [/stigforge/roles/rhel9_cis : Limit Password Reuse: system-auth - Ensure authselect changes are applied] ***
skipping: [localhost]

TASK [/stigforge/roles/rhel9_cis : Limit Password Reuse: system-auth - Change the PAM file to be edited according to the custom authselect profile] ***
skipping: [localhost]

TASK [/stigforge/roles/rhel9_cis : Limit Password Reuse: system-auth - Define a fact for control already filtered in case filters are used] ***
skipping: [localhost]

TASK [/stigforge/roles/rhel9_cis : Limit Password Reuse: system-auth - Check if expected PAM module line is present in /etc/authselect/custom/hardening/system-auth] ***
skipping: [localhost]

TASK [/stigforge/roles/rhel9_cis : Limit Password Reuse: system-auth - Check if required PAM module line is present in /etc/authselect/custom/hardening/system-auth with different control] ***
skipping: [localhost]

TASK [/stigforge/roles/rhel9_cis : Limit Password Reuse: system-auth - Ensure the correct control for the required PAM module line in /etc/authselect/custom/hardening/system-auth] ***
skipping: [localhost]

TASK [/stigforge/roles/rhel9_cis : Limit Password Reuse: system-auth - Ensure the required PAM module line is included in /etc/authselect/custom/hardening/system-auth] ***
skipping: [localhost]

TASK [/stigforge/roles/rhel9_cis : Limit Password Reuse: system-auth - Ensure authselect changes are applied] ***
skipping: [localhost]

TASK [/stigforge/roles/rhel9_cis : Limit Password Reuse: system-auth - Define a fact for control already filtered in case filters are used] ***
skipping: [localhost]

TASK [/stigforge/roles/rhel9_cis : Limit Password Reuse: system-auth - Check if the required PAM module option is present in /etc/authselect/custom/hardening/system-auth] ***
skipping: [localhost]

TASK [/stigforge/roles/rhel9_cis : Limit Password Reuse: system-auth - Ensure the "remember" PAM option for "pam_pwhistory.so" is included in /etc/authselect/custom/hardening/system-auth] ***
skipping: [localhost]

TASK [/stigforge/roles/rhel9_cis : Limit Password Reuse: system-auth - Ensure the required value for "remember" PAM option from "pam_pwhistory.so" in /etc/authselect/custom/hardening/system-auth] ***
skipping: [localhost]

TASK [/stigforge/roles/rhel9_cis : Limit Password Reuse: system-auth - Ensure authselect changes are applied] ***
skipping: [localhost]

TASK [/stigforge/roles/rhel9_cis : Lock Accounts After Failed Password Attempts - Check if system relies on authselect tool] ***
ok: [localhost]

TASK [/stigforge/roles/rhel9_cis : Lock Accounts After Failed Password Attempts - Check integrity of authselect current profile] ***
ok: [localhost]

TASK [/stigforge/roles/rhel9_cis : Lock Accounts After Failed Password Attempts - Informative message based on the authselect integrity check result] ***
ok: [localhost] => {
    "changed": false,
    "msg": [
        "authselect integrity check passed"
    ]
}

TASK [/stigforge/roles/rhel9_cis : Lock Accounts After Failed Password Attempts - Get authselect current features] ***
ok: [localhost]

TASK [/stigforge/roles/rhel9_cis : Lock Accounts After Failed Password Attempts - Ensure "with-faillock" feature is enabled using authselect tool] ***
skipping: [localhost]

TASK [/stigforge/roles/rhel9_cis : Lock Accounts After Failed Password Attempts - Ensure authselect changes are applied] ***
skipping: [localhost]

TASK [/stigforge/roles/rhel9_cis : Lock Accounts After Failed Password Attempts - Check if pam_faillock.so is already enabled] ***
skipping: [localhost]

TASK [/stigforge/roles/rhel9_cis : Lock Accounts After Failed Password Attempts - Enable pam_faillock.so preauth editing PAM files] ***
skipping: [localhost] => (item=/etc/pam.d/system-auth) 
skipping: [localhost] => (item=/etc/pam.d/password-auth) 
skipping: [localhost]

TASK [/stigforge/roles/rhel9_cis : Lock Accounts After Failed Password Attempts - Enable pam_faillock.so authfail editing PAM files] ***
skipping: [localhost] => (item=/etc/pam.d/system-auth) 
skipping: [localhost] => (item=/etc/pam.d/password-auth) 
skipping: [localhost]

TASK [/stigforge/roles/rhel9_cis : Lock Accounts After Failed Password Attempts - Enable pam_faillock.so account section editing PAM files] ***
skipping: [localhost] => (item=/etc/pam.d/system-auth) 
skipping: [localhost] => (item=/etc/pam.d/password-auth) 
skipping: [localhost]

TASK [/stigforge/roles/rhel9_cis : Lock Accounts After Failed Password Attempts - Check the presence of /etc/security/faillock.conf file] ***
ok: [localhost]

TASK [/stigforge/roles/rhel9_cis : Lock Accounts After Failed Password Attempts - Ensure the pam_faillock.so deny parameter in /etc/security/faillock.conf] ***
changed: [localhost]

TASK [/stigforge/roles/rhel9_cis : Lock Accounts After Failed Password Attempts - Check if /etc/pam.d/system-auth file is present] ***
ok: [localhost]

TASK [/stigforge/roles/rhel9_cis : Lock Accounts After Failed Password Attempts - Define the PAM file to be edited as a local fact] ***
ok: [localhost]

TASK [/stigforge/roles/rhel9_cis : Lock Accounts After Failed Password Attempts - Check if system relies on authselect tool] ***
ok: [localhost]

TASK [/stigforge/roles/rhel9_cis : Lock Accounts After Failed Password Attempts - Check integrity of authselect current profile] ***
ok: [localhost]

TASK [/stigforge/roles/rhel9_cis : Lock Accounts After Failed Password Attempts - Informative message based on the authselect integrity check result] ***
ok: [localhost] => {
    "changed": false,
    "msg": [
        "authselect integrity check passed"
    ]
}

TASK [/stigforge/roles/rhel9_cis : Lock Accounts After Failed Password Attempts - Get authselect current profile] ***
ok: [localhost]

TASK [/stigforge/roles/rhel9_cis : Lock Accounts After Failed Password Attempts - Define the current authselect profile as a local fact] ***
ok: [localhost]

TASK [/stigforge/roles/rhel9_cis : Lock Accounts After Failed Password Attempts - Define the new authselect custom profile as a local fact] ***
skipping: [localhost]

TASK [/stigforge/roles/rhel9_cis : Lock Accounts After Failed Password Attempts - Get authselect current features to also enable them in the custom profile] ***
skipping: [localhost]

TASK [/stigforge/roles/rhel9_cis : Lock Accounts After Failed Password Attempts - Check if any custom profile with the same name was already created] ***
skipping: [localhost]

TASK [/stigforge/roles/rhel9_cis : Lock Accounts After Failed Password Attempts - Create an authselect custom profile based on the current profile] ***
skipping: [localhost]

TASK [/stigforge/roles/rhel9_cis : Lock Accounts After Failed Password Attempts - Create an authselect custom profile based on sssd profile] ***
skipping: [localhost]

TASK [/stigforge/roles/rhel9_cis : Lock Accounts After Failed Password Attempts - Ensure authselect changes are applied] ***
skipping: [localhost]

TASK [/stigforge/roles/rhel9_cis : Lock Accounts After Failed Password Attempts - Ensure the authselect custom profile is selected] ***
skipping: [localhost]

TASK [/stigforge/roles/rhel9_cis : Lock Accounts After Failed Password Attempts - Restore the authselect features in the custom profile] ***
skipping: [localhost]

TASK [/stigforge/roles/rhel9_cis : Lock Accounts After Failed Password Attempts - Ensure authselect changes are applied] ***
skipping: [localhost]

TASK [/stigforge/roles/rhel9_cis : Lock Accounts After Failed Password Attempts - Change the PAM file to be edited according to the custom authselect profile] ***
ok: [localhost]

TASK [/stigforge/roles/rhel9_cis : Lock Accounts After Failed Password Attempts - Define a fact for control already filtered in case filters are used] ***
ok: [localhost]

TASK [/stigforge/roles/rhel9_cis : Lock Accounts After Failed Password Attempts - Check if /etc/authselect/custom/hardening/system-auth file is present] ***
ok: [localhost]

TASK [/stigforge/roles/rhel9_cis : Lock Accounts After Failed Password Attempts - Ensure the "deny" option from "pam_faillock.so" is not present in /etc/authselect/custom/hardening/system-auth] ***
ok: [localhost]

TASK [/stigforge/roles/rhel9_cis : Lock Accounts After Failed Password Attempts - Ensure authselect changes are applied] ***
skipping: [localhost]

TASK [/stigforge/roles/rhel9_cis : Lock Accounts After Failed Password Attempts - Check if /etc/pam.d/password-auth file is present] ***
ok: [localhost]

TASK [/stigforge/roles/rhel9_cis : Lock Accounts After Failed Password Attempts - Define the PAM file to be edited as a local fact] ***
ok: [localhost]

TASK [/stigforge/roles/rhel9_cis : Lock Accounts After Failed Password Attempts - Check if system relies on authselect tool] ***
ok: [localhost]

TASK [/stigforge/roles/rhel9_cis : Lock Accounts After Failed Password Attempts - Check integrity of authselect current profile] ***
ok: [localhost]

TASK [/stigforge/roles/rhel9_cis : Lock Accounts After Failed Password Attempts - Informative message based on the authselect integrity check result] ***
ok: [localhost] => {
    "changed": false,
    "msg": [
        "authselect integrity check passed"
    ]
}

TASK [/stigforge/roles/rhel9_cis : Lock Accounts After Failed Password Attempts - Get authselect current profile] ***
ok: [localhost]

TASK [/stigforge/roles/rhel9_cis : Lock Accounts After Failed Password Attempts - Define the current authselect profile as a local fact] ***
ok: [localhost]

TASK [/stigforge/roles/rhel9_cis : Lock Accounts After Failed Password Attempts - Define the new authselect custom profile as a local fact] ***
skipping: [localhost]

TASK [/stigforge/roles/rhel9_cis : Lock Accounts After Failed Password Attempts - Get authselect current features to also enable them in the custom profile] ***
skipping: [localhost]

TASK [/stigforge/roles/rhel9_cis : Lock Accounts After Failed Password Attempts - Check if any custom profile with the same name was already created] ***
skipping: [localhost]

TASK [/stigforge/roles/rhel9_cis : Lock Accounts After Failed Password Attempts - Create an authselect custom profile based on the current profile] ***
skipping: [localhost]

TASK [/stigforge/roles/rhel9_cis : Lock Accounts After Failed Password Attempts - Create an authselect custom profile based on sssd profile] ***
skipping: [localhost]

TASK [/stigforge/roles/rhel9_cis : Lock Accounts After Failed Password Attempts - Ensure authselect changes are applied] ***
skipping: [localhost]

TASK [/stigforge/roles/rhel9_cis : Lock Accounts After Failed Password Attempts - Ensure the authselect custom profile is selected] ***
skipping: [localhost]

TASK [/stigforge/roles/rhel9_cis : Lock Accounts After Failed Password Attempts - Restore the authselect features in the custom profile] ***
skipping: [localhost]

TASK [/stigforge/roles/rhel9_cis : Lock Accounts After Failed Password Attempts - Ensure authselect changes are applied] ***
skipping: [localhost]

TASK [/stigforge/roles/rhel9_cis : Lock Accounts After Failed Password Attempts - Change the PAM file to be edited according to the custom authselect profile] ***
ok: [localhost]

TASK [/stigforge/roles/rhel9_cis : Lock Accounts After Failed Password Attempts - Define a fact for control already filtered in case filters are used] ***
ok: [localhost]

TASK [/stigforge/roles/rhel9_cis : Lock Accounts After Failed Password Attempts - Check if /etc/authselect/custom/hardening/password-auth file is present] ***
ok: [localhost]

TASK [/stigforge/roles/rhel9_cis : Lock Accounts After Failed Password Attempts - Ensure the "deny" option from "pam_faillock.so" is not present in /etc/authselect/custom/hardening/password-auth] ***
ok: [localhost]

TASK [/stigforge/roles/rhel9_cis : Lock Accounts After Failed Password Attempts - Ensure authselect changes are applied] ***
skipping: [localhost]

TASK [/stigforge/roles/rhel9_cis : Lock Accounts After Failed Password Attempts - Check if pam_faillock.so deny parameter is already enabled in pam files] ***
skipping: [localhost]

TASK [/stigforge/roles/rhel9_cis : Lock Accounts After Failed Password Attempts - Ensure the inclusion of pam_faillock.so preauth deny parameter in auth section] ***
skipping: [localhost] => (item=/etc/pam.d/system-auth) 
skipping: [localhost] => (item=/etc/pam.d/password-auth) 
skipping: [localhost]

TASK [/stigforge/roles/rhel9_cis : Lock Accounts After Failed Password Attempts - Ensure the inclusion of pam_faillock.so authfail deny parameter in auth section] ***
skipping: [localhost] => (item=/etc/pam.d/system-auth) 
skipping: [localhost] => (item=/etc/pam.d/password-auth) 
skipping: [localhost]

TASK [/stigforge/roles/rhel9_cis : Lock Accounts After Failed Password Attempts - Ensure the desired value for pam_faillock.so preauth deny parameter in auth section] ***
skipping: [localhost] => (item=/etc/pam.d/system-auth) 
skipping: [localhost] => (item=/etc/pam.d/password-auth) 
skipping: [localhost]

TASK [/stigforge/roles/rhel9_cis : Lock Accounts After Failed Password Attempts - Ensure the desired value for pam_faillock.so authfail deny parameter in auth section] ***
skipping: [localhost] => (item=/etc/pam.d/system-auth) 
skipping: [localhost] => (item=/etc/pam.d/password-auth) 
skipping: [localhost]

TASK [/stigforge/roles/rhel9_cis : Set Lockout Time for Failed Password Attempts - Check if system relies on authselect tool] ***
ok: [localhost]

TASK [/stigforge/roles/rhel9_cis : Set Lockout Time for Failed Password Attempts - Check integrity of authselect current profile] ***
ok: [localhost]

TASK [/stigforge/roles/rhel9_cis : Set Lockout Time for Failed Password Attempts - Informative message based on the authselect integrity check result] ***
ok: [localhost] => {
    "changed": false,
    "msg": [
        "authselect integrity check passed"
    ]
}

TASK [/stigforge/roles/rhel9_cis : Set Lockout Time for Failed Password Attempts - Get authselect current features] ***
ok: [localhost]

TASK [/stigforge/roles/rhel9_cis : Set Lockout Time for Failed Password Attempts - Ensure "with-faillock" feature is enabled using authselect tool] ***
skipping: [localhost]

TASK [/stigforge/roles/rhel9_cis : Set Lockout Time for Failed Password Attempts - Ensure authselect changes are applied] ***
skipping: [localhost]

TASK [/stigforge/roles/rhel9_cis : Set Lockout Time for Failed Password Attempts - Check if pam_faillock.so is already enabled] ***
skipping: [localhost]

TASK [/stigforge/roles/rhel9_cis : Set Lockout Time for Failed Password Attempts - Enable pam_faillock.so preauth editing PAM files] ***
skipping: [localhost] => (item=/etc/pam.d/system-auth) 
skipping: [localhost] => (item=/etc/pam.d/password-auth) 
skipping: [localhost]

TASK [/stigforge/roles/rhel9_cis : Set Lockout Time for Failed Password Attempts - Enable pam_faillock.so authfail editing PAM files] ***
skipping: [localhost] => (item=/etc/pam.d/system-auth) 
skipping: [localhost] => (item=/etc/pam.d/password-auth) 
skipping: [localhost]

TASK [/stigforge/roles/rhel9_cis : Set Lockout Time for Failed Password Attempts - Enable pam_faillock.so account section editing PAM files] ***
skipping: [localhost] => (item=/etc/pam.d/system-auth) 
skipping: [localhost] => (item=/etc/pam.d/password-auth) 
skipping: [localhost]

TASK [/stigforge/roles/rhel9_cis : Set Lockout Time for Failed Password Attempts - Check the presence of /etc/security/faillock.conf file] ***
ok: [localhost]

TASK [/stigforge/roles/rhel9_cis : Set Lockout Time for Failed Password Attempts - Ensure the pam_faillock.so unlock_time parameter in /etc/security/faillock.conf] ***
changed: [localhost]

TASK [/stigforge/roles/rhel9_cis : Set Lockout Time for Failed Password Attempts - Check if /etc/pam.d/system-auth file is present] ***
ok: [localhost]

TASK [/stigforge/roles/rhel9_cis : Set Lockout Time for Failed Password Attempts - Define the PAM file to be edited as a local fact] ***
ok: [localhost]

TASK [/stigforge/roles/rhel9_cis : Set Lockout Time for Failed Password Attempts - Check if system relies on authselect tool] ***
ok: [localhost]

TASK [/stigforge/roles/rhel9_cis : Set Lockout Time for Failed Password Attempts - Check integrity of authselect current profile] ***
ok: [localhost]

TASK [/stigforge/roles/rhel9_cis : Set Lockout Time for Failed Password Attempts - Informative message based on the authselect integrity check result] ***
ok: [localhost] => {
    "changed": false,
    "msg": [
        "authselect integrity check passed"
    ]
}

TASK [/stigforge/roles/rhel9_cis : Set Lockout Time for Failed Password Attempts - Get authselect current profile] ***
ok: [localhost]

TASK [/stigforge/roles/rhel9_cis : Set Lockout Time for Failed Password Attempts - Define the current authselect profile as a local fact] ***
ok: [localhost]

TASK [/stigforge/roles/rhel9_cis : Set Lockout Time for Failed Password Attempts - Define the new authselect custom profile as a local fact] ***
skipping: [localhost]

TASK [/stigforge/roles/rhel9_cis : Set Lockout Time for Failed Password Attempts - Get authselect current features to also enable them in the custom profile] ***
skipping: [localhost]

TASK [/stigforge/roles/rhel9_cis : Set Lockout Time for Failed Password Attempts - Check if any custom profile with the same name was already created] ***
skipping: [localhost]

TASK [/stigforge/roles/rhel9_cis : Set Lockout Time for Failed Password Attempts - Create an authselect custom profile based on the current profile] ***
skipping: [localhost]

TASK [/stigforge/roles/rhel9_cis : Set Lockout Time for Failed Password Attempts - Create an authselect custom profile based on sssd profile] ***
skipping: [localhost]

TASK [/stigforge/roles/rhel9_cis : Set Lockout Time for Failed Password Attempts - Ensure authselect changes are applied] ***
skipping: [localhost]

TASK [/stigforge/roles/rhel9_cis : Set Lockout Time for Failed Password Attempts - Ensure the authselect custom profile is selected] ***
skipping: [localhost]

TASK [/stigforge/roles/rhel9_cis : Set Lockout Time for Failed Password Attempts - Restore the authselect features in the custom profile] ***
skipping: [localhost]

TASK [/stigforge/roles/rhel9_cis : Set Lockout Time for Failed Password Attempts - Ensure authselect changes are applied] ***
skipping: [localhost]

TASK [/stigforge/roles/rhel9_cis : Set Lockout Time for Failed Password Attempts - Change the PAM file to be edited according to the custom authselect profile] ***
ok: [localhost]

TASK [/stigforge/roles/rhel9_cis : Set Lockout Time for Failed Password Attempts - Define a fact for control already filtered in case filters are used] ***
ok: [localhost]

TASK [/stigforge/roles/rhel9_cis : Set Lockout Time for Failed Password Attempts - Check if /etc/authselect/custom/hardening/system-auth file is present] ***
ok: [localhost]

TASK [/stigforge/roles/rhel9_cis : Set Lockout Time for Failed Password Attempts - Ensure the "unlock_time" option from "pam_faillock.so" is not present in /etc/authselect/custom/hardening/system-auth] ***
ok: [localhost]

TASK [/stigforge/roles/rhel9_cis : Set Lockout Time for Failed Password Attempts - Ensure authselect changes are applied] ***
skipping: [localhost]

TASK [/stigforge/roles/rhel9_cis : Set Lockout Time for Failed Password Attempts - Check if /etc/pam.d/password-auth file is present] ***
ok: [localhost]

TASK [/stigforge/roles/rhel9_cis : Set Lockout Time for Failed Password Attempts - Define the PAM file to be edited as a local fact] ***
ok: [localhost]

TASK [/stigforge/roles/rhel9_cis : Set Lockout Time for Failed Password Attempts - Check if system relies on authselect tool] ***
ok: [localhost]

TASK [/stigforge/roles/rhel9_cis : Set Lockout Time for Failed Password Attempts - Check integrity of authselect current profile] ***
ok: [localhost]

TASK [/stigforge/roles/rhel9_cis : Set Lockout Time for Failed Password Attempts - Informative message based on the authselect integrity check result] ***
ok: [localhost] => {
    "changed": false,
    "msg": [
        "authselect integrity check passed"
    ]
}

TASK [/stigforge/roles/rhel9_cis : Set Lockout Time for Failed Password Attempts - Get authselect current profile] ***
ok: [localhost]

TASK [/stigforge/roles/rhel9_cis : Set Lockout Time for Failed Password Attempts - Define the current authselect profile as a local fact] ***
ok: [localhost]

TASK [/stigforge/roles/rhel9_cis : Set Lockout Time for Failed Password Attempts - Define the new authselect custom profile as a local fact] ***
skipping: [localhost]

TASK [/stigforge/roles/rhel9_cis : Set Lockout Time for Failed Password Attempts - Get authselect current features to also enable them in the custom profile] ***
skipping: [localhost]

TASK [/stigforge/roles/rhel9_cis : Set Lockout Time for Failed Password Attempts - Check if any custom profile with the same name was already created] ***
skipping: [localhost]

TASK [/stigforge/roles/rhel9_cis : Set Lockout Time for Failed Password Attempts - Create an authselect custom profile based on the current profile] ***
skipping: [localhost]

TASK [/stigforge/roles/rhel9_cis : Set Lockout Time for Failed Password Attempts - Create an authselect custom profile based on sssd profile] ***
skipping: [localhost]

TASK [/stigforge/roles/rhel9_cis : Set Lockout Time for Failed Password Attempts - Ensure authselect changes are applied] ***
skipping: [localhost]

TASK [/stigforge/roles/rhel9_cis : Set Lockout Time for Failed Password Attempts - Ensure the authselect custom profile is selected] ***
skipping: [localhost]

TASK [/stigforge/roles/rhel9_cis : Set Lockout Time for Failed Password Attempts - Restore the authselect features in the custom profile] ***
skipping: [localhost]

TASK [/stigforge/roles/rhel9_cis : Set Lockout Time for Failed Password Attempts - Ensure authselect changes are applied] ***
skipping: [localhost]

TASK [/stigforge/roles/rhel9_cis : Set Lockout Time for Failed Password Attempts - Change the PAM file to be edited according to the custom authselect profile] ***
ok: [localhost]

TASK [/stigforge/roles/rhel9_cis : Set Lockout Time for Failed Password Attempts - Define a fact for control already filtered in case filters are used] ***
ok: [localhost]

TASK [/stigforge/roles/rhel9_cis : Set Lockout Time for Failed Password Attempts - Check if /etc/authselect/custom/hardening/password-auth file is present] ***
ok: [localhost]

TASK [/stigforge/roles/rhel9_cis : Set Lockout Time for Failed Password Attempts - Ensure the "unlock_time" option from "pam_faillock.so" is not present in /etc/authselect/custom/hardening/password-auth] ***
ok: [localhost]

TASK [/stigforge/roles/rhel9_cis : Set Lockout Time for Failed Password Attempts - Ensure authselect changes are applied] ***
skipping: [localhost]

TASK [/stigforge/roles/rhel9_cis : Set Lockout Time for Failed Password Attempts - Check if pam_faillock.so unlock_time parameter is already enabled in pam files] ***
skipping: [localhost]

TASK [/stigforge/roles/rhel9_cis : Set Lockout Time for Failed Password Attempts - Ensure the inclusion of pam_faillock.so preauth unlock_time parameter in auth section] ***
skipping: [localhost] => (item=/etc/pam.d/system-auth) 
skipping: [localhost] => (item=/etc/pam.d/password-auth) 
skipping: [localhost]

TASK [/stigforge/roles/rhel9_cis : Set Lockout Time for Failed Password Attempts - Ensure the inclusion of pam_faillock.so authfail unlock_time parameter in auth section] ***
skipping: [localhost] => (item=/etc/pam.d/system-auth) 
skipping: [localhost] => (item=/etc/pam.d/password-auth) 
skipping: [localhost]

TASK [/stigforge/roles/rhel9_cis : Set Lockout Time for Failed Password Attempts - Ensure the desired value for pam_faillock.so preauth unlock_time parameter in auth section] ***
skipping: [localhost] => (item=/etc/pam.d/system-auth) 
skipping: [localhost] => (item=/etc/pam.d/password-auth) 
skipping: [localhost]

TASK [/stigforge/roles/rhel9_cis : Set Lockout Time for Failed Password Attempts - Ensure the desired value for pam_faillock.so authfail unlock_time parameter in auth section] ***
skipping: [localhost] => (item=/etc/pam.d/system-auth) 
skipping: [localhost] => (item=/etc/pam.d/password-auth) 
skipping: [localhost]

TASK [/stigforge/roles/rhel9_cis : Ensure PAM Enforces Password Requirements - Prevent the Use of Dictionary Words - Find pwquality.conf.d files] ***
ok: [localhost]

TASK [/stigforge/roles/rhel9_cis : Ensure PAM Enforces Password Requirements - Prevent the Use of Dictionary Words - Ensure dictcheck is not set in pwquality.conf.d] ***
skipping: [localhost]

TASK [/stigforge/roles/rhel9_cis : Ensure PAM Enforces Password Requirements - Prevent the Use of Dictionary Words - Ensure PAM variable dictcheck is set accordingly] ***
changed: [localhost]

TASK [/stigforge/roles/rhel9_cis : Ensure PAM Enforces Password Requirements - Minimum Different Characters - Find pwquality.conf.d files] ***
ok: [localhost]

TASK [/stigforge/roles/rhel9_cis : Ensure PAM Enforces Password Requirements - Minimum Different Characters - Ensure difok is not set in pwquality.conf.d] ***
skipping: [localhost]

TASK [/stigforge/roles/rhel9_cis : Ensure PAM Enforces Password Requirements - Minimum Different Characters - Ensure PAM variable difok is set accordingly] ***
changed: [localhost]

TASK [/stigforge/roles/rhel9_cis : Set Password Maximum Consecutive Repeating Characters - Find pwquality.conf.d files] ***
ok: [localhost]

TASK [/stigforge/roles/rhel9_cis : Set Password Maximum Consecutive Repeating Characters - Ensure maxrepeat is not set in pwquality.conf.d] ***
skipping: [localhost]

TASK [/stigforge/roles/rhel9_cis : Set Password Maximum Consecutive Repeating Characters - Ensure PAM variable maxrepeat is set accordingly] ***
changed: [localhost]

TASK [/stigforge/roles/rhel9_cis : Ensure PAM Enforces Password Requirements - Minimum Different Categories - Find pwquality.conf.d files] ***
ok: [localhost]

TASK [/stigforge/roles/rhel9_cis : Ensure PAM Enforces Password Requirements - Minimum Different Categories - Ensure minclass is not set in pwquality.conf.d] ***
skipping: [localhost]

TASK [/stigforge/roles/rhel9_cis : Ensure PAM Enforces Password Requirements - Minimum Different Categories - Ensure PAM variable minclass is set accordingly] ***
changed: [localhost]

TASK [/stigforge/roles/rhel9_cis : Ensure PAM Enforces Password Requirements - Minimum Length - Find pwquality.conf.d files] ***
ok: [localhost]

TASK [/stigforge/roles/rhel9_cis : Ensure PAM Enforces Password Requirements - Minimum Length - Ensure minlen is not set in pwquality.conf.d] ***
skipping: [localhost]

TASK [/stigforge/roles/rhel9_cis : Ensure PAM Enforces Password Requirements - Minimum Length - Ensure PAM variable minlen is set accordingly] ***
changed: [localhost]

TASK [/stigforge/roles/rhel9_cis : Set Password Hashing Algorithm in /etc/libuser.conf - Set Password Hashing Algorithm in /etc/libuser.conf] ***
ok: [localhost]

TASK [/stigforge/roles/rhel9_cis : Set Password Hashing Algorithm in /etc/login.defs] ***
ok: [localhost]

TASK [/stigforge/roles/rhel9_cis : Set PAM's Password Hashing Algorithm - password-auth - Check if /etc/pam.d/password-auth file is present] ***
ok: [localhost]

TASK [/stigforge/roles/rhel9_cis : Set PAM's Password Hashing Algorithm - password-auth - Define the PAM file to be edited as a local fact] ***
ok: [localhost]

TASK [/stigforge/roles/rhel9_cis : Set PAM's Password Hashing Algorithm - password-auth - Check if system relies on authselect tool] ***
ok: [localhost]

TASK [/stigforge/roles/rhel9_cis : Set PAM's Password Hashing Algorithm - password-auth - Check integrity of authselect current profile] ***
ok: [localhost]

TASK [/stigforge/roles/rhel9_cis : Set PAM's Password Hashing Algorithm - password-auth - Informative message based on the authselect integrity check result] ***
ok: [localhost] => {
    "changed": false,
    "msg": [
        "authselect integrity check passed"
    ]
}

TASK [/stigforge/roles/rhel9_cis : Set PAM's Password Hashing Algorithm - password-auth - Get authselect current profile] ***
ok: [localhost]

TASK [/stigforge/roles/rhel9_cis : Set PAM's Password Hashing Algorithm - password-auth - Define the current authselect profile as a local fact] ***
ok: [localhost]

TASK [/stigforge/roles/rhel9_cis : Set PAM's Password Hashing Algorithm - password-auth - Define the new authselect custom profile as a local fact] ***
skipping: [localhost]

TASK [/stigforge/roles/rhel9_cis : Set PAM's Password Hashing Algorithm - password-auth - Get authselect current features to also enable them in the custom profile] ***
skipping: [localhost]

TASK [/stigforge/roles/rhel9_cis : Set PAM's Password Hashing Algorithm - password-auth - Check if any custom profile with the same name was already created] ***
skipping: [localhost]

TASK [/stigforge/roles/rhel9_cis : Set PAM's Password Hashing Algorithm - password-auth - Create an authselect custom profile based on the current profile] ***
skipping: [localhost]

TASK [/stigforge/roles/rhel9_cis : Set PAM's Password Hashing Algorithm - password-auth - Create an authselect custom profile based on sssd profile] ***
skipping: [localhost]

TASK [/stigforge/roles/rhel9_cis : Set PAM's Password Hashing Algorithm - password-auth - Ensure authselect changes are applied] ***
skipping: [localhost]

TASK [/stigforge/roles/rhel9_cis : Set PAM's Password Hashing Algorithm - password-auth - Ensure the authselect custom profile is selected] ***
skipping: [localhost]

TASK [/stigforge/roles/rhel9_cis : Set PAM's Password Hashing Algorithm - password-auth - Restore the authselect features in the custom profile] ***
skipping: [localhost]

TASK [/stigforge/roles/rhel9_cis : Set PAM's Password Hashing Algorithm - password-auth - Ensure authselect changes are applied] ***
skipping: [localhost]

TASK [/stigforge/roles/rhel9_cis : Set PAM's Password Hashing Algorithm - password-auth - Change the PAM file to be edited according to the custom authselect profile] ***
ok: [localhost]

TASK [/stigforge/roles/rhel9_cis : Set PAM's Password Hashing Algorithm - password-auth - Define a fact for control already filtered in case filters are used] ***
ok: [localhost]

TASK [/stigforge/roles/rhel9_cis : Set PAM's Password Hashing Algorithm - password-auth - Check if expected PAM module line is present in /etc/authselect/custom/hardening/password-auth] ***
ok: [localhost]

TASK [/stigforge/roles/rhel9_cis : Set PAM's Password Hashing Algorithm - password-auth - Check if required PAM module line is present in /etc/authselect/custom/hardening/password-auth with different control] ***
skipping: [localhost]

TASK [/stigforge/roles/rhel9_cis : Set PAM's Password Hashing Algorithm - password-auth - Ensure the correct control for the required PAM module line in /etc/authselect/custom/hardening/password-auth] ***
skipping: [localhost]

TASK [/stigforge/roles/rhel9_cis : Set PAM's Password Hashing Algorithm - password-auth - Ensure the required PAM module line is included in /etc/authselect/custom/hardening/password-auth] ***
skipping: [localhost]

TASK [/stigforge/roles/rhel9_cis : Set PAM's Password Hashing Algorithm - password-auth - Ensure authselect changes are applied] ***
skipping: [localhost]

TASK [/stigforge/roles/rhel9_cis : Set PAM's Password Hashing Algorithm - password-auth - Define a fact for control already filtered in case filters are used] ***
ok: [localhost]

TASK [/stigforge/roles/rhel9_cis : Set PAM's Password Hashing Algorithm - password-auth - Check if the required PAM module option is present in /etc/authselect/custom/hardening/password-auth] ***
ok: [localhost]

TASK [/stigforge/roles/rhel9_cis : Set PAM's Password Hashing Algorithm - password-auth - Ensure the "sha512" PAM option for "pam_unix.so" is included in /etc/authselect/custom/hardening/password-auth] ***
skipping: [localhost]

TASK [/stigforge/roles/rhel9_cis : Set PAM's Password Hashing Algorithm - password-auth - Ensure authselect changes are applied] ***
skipping: [localhost]

TASK [/stigforge/roles/rhel9_cis : Set PAM's Password Hashing Algorithm - password-auth - Check if /etc/pam.d/password-auth File is Present] ***
ok: [localhost]

TASK [/stigforge/roles/rhel9_cis : Set PAM's Password Hashing Algorithm - password-auth - Define the PAM file to be edited as a local fact] ***
ok: [localhost]

TASK [/stigforge/roles/rhel9_cis : Set PAM's Password Hashing Algorithm - password-auth - Check if system relies on authselect tool] ***
ok: [localhost]

TASK [/stigforge/roles/rhel9_cis : Set PAM's Password Hashing Algorithm - password-auth - Check integrity of authselect current profile] ***
ok: [localhost]

TASK [/stigforge/roles/rhel9_cis : Set PAM's Password Hashing Algorithm - password-auth - Informative message based on the authselect integrity check result] ***
ok: [localhost] => {
    "changed": false,
    "msg": [
        "authselect integrity check passed"
    ]
}

TASK [/stigforge/roles/rhel9_cis : Set PAM's Password Hashing Algorithm - password-auth - Get authselect current profile] ***
ok: [localhost]

TASK [/stigforge/roles/rhel9_cis : Set PAM's Password Hashing Algorithm - password-auth - Define the current authselect profile as a local fact] ***
ok: [localhost]

TASK [/stigforge/roles/rhel9_cis : Set PAM's Password Hashing Algorithm - password-auth - Define the new authselect custom profile as a local fact] ***
skipping: [localhost]

TASK [/stigforge/roles/rhel9_cis : Set PAM's Password Hashing Algorithm - password-auth - Get authselect current features to also enable them in the custom profile] ***
skipping: [localhost]

TASK [/stigforge/roles/rhel9_cis : Set PAM's Password Hashing Algorithm - password-auth - Check if any custom profile with the same name was already created] ***
skipping: [localhost]

TASK [/stigforge/roles/rhel9_cis : Set PAM's Password Hashing Algorithm - password-auth - Create an authselect custom profile based on the current profile] ***
skipping: [localhost]

TASK [/stigforge/roles/rhel9_cis : Set PAM's Password Hashing Algorithm - password-auth - Create an authselect custom profile based on sssd profile] ***
skipping: [localhost]

TASK [/stigforge/roles/rhel9_cis : Set PAM's Password Hashing Algorithm - password-auth - Ensure authselect changes are applied] ***
skipping: [localhost]

TASK [/stigforge/roles/rhel9_cis : Set PAM's Password Hashing Algorithm - password-auth - Ensure the authselect custom profile is selected] ***
skipping: [localhost]

TASK [/stigforge/roles/rhel9_cis : Set PAM's Password Hashing Algorithm - password-auth - Restore the authselect features in the custom profile] ***
skipping: [localhost]

TASK [/stigforge/roles/rhel9_cis : Set PAM's Password Hashing Algorithm - password-auth - Ensure authselect changes are applied] ***
skipping: [localhost]

TASK [/stigforge/roles/rhel9_cis : Set PAM's Password Hashing Algorithm - password-auth - Change the PAM file to be edited according to the custom authselect profile] ***
ok: [localhost]

TASK [/stigforge/roles/rhel9_cis : Set PAM's Password Hashing Algorithm - password-auth - Check if "/etc/authselect/custom/hardening/password-auth" File is Present] ***
ok: [localhost]

TASK [/stigforge/roles/rhel9_cis : Set PAM's Password Hashing Algorithm - password-auth - Ensure That Only the Correct Hashing Algorithm Option For pam_unix.so Is Used in /etc/authselect/custom/hardening/password-auth] ***
skipping: [localhost] => (item=sha512) 
ok: [localhost] => (item=yescrypt)
ok: [localhost] => (item=gost_yescrypt)
ok: [localhost] => (item=blowfish)
ok: [localhost] => (item=sha256)
ok: [localhost] => (item=md5)
ok: [localhost] => (item=bigcrypt)

TASK [/stigforge/roles/rhel9_cis : Set PAM's Password Hashing Algorithm - password-auth - Ensure authselect changes are applied] ***
skipping: [localhost]

TASK [/stigforge/roles/rhel9_cis : Set PAM's Password Hashing Algorithm - Check if /etc/pam.d/system-auth file is present] ***
ok: [localhost]

TASK [/stigforge/roles/rhel9_cis : Set PAM's Password Hashing Algorithm - Define the PAM file to be edited as a local fact] ***
ok: [localhost]

TASK [/stigforge/roles/rhel9_cis : Set PAM's Password Hashing Algorithm - Check if system relies on authselect tool] ***
ok: [localhost]

TASK [/stigforge/roles/rhel9_cis : Set PAM's Password Hashing Algorithm - Check integrity of authselect current profile] ***
ok: [localhost]

TASK [/stigforge/roles/rhel9_cis : Set PAM's Password Hashing Algorithm - Informative message based on the authselect integrity check result] ***
ok: [localhost] => {
    "changed": false,
    "msg": [
        "authselect integrity check passed"
    ]
}

TASK [/stigforge/roles/rhel9_cis : Set PAM's Password Hashing Algorithm - Get authselect current profile] ***
ok: [localhost]

TASK [/stigforge/roles/rhel9_cis : Set PAM's Password Hashing Algorithm - Define the current authselect profile as a local fact] ***
ok: [localhost]

TASK [/stigforge/roles/rhel9_cis : Set PAM's Password Hashing Algorithm - Define the new authselect custom profile as a local fact] ***
skipping: [localhost]

TASK [/stigforge/roles/rhel9_cis : Set PAM's Password Hashing Algorithm - Get authselect current features to also enable them in the custom profile] ***
skipping: [localhost]

TASK [/stigforge/roles/rhel9_cis : Set PAM's Password Hashing Algorithm - Check if any custom profile with the same name was already created] ***
skipping: [localhost]

TASK [/stigforge/roles/rhel9_cis : Set PAM's Password Hashing Algorithm - Create an authselect custom profile based on the current profile] ***
skipping: [localhost]

TASK [/stigforge/roles/rhel9_cis : Set PAM's Password Hashing Algorithm - Create an authselect custom profile based on sssd profile] ***
skipping: [localhost]

TASK [/stigforge/roles/rhel9_cis : Set PAM's Password Hashing Algorithm - Ensure authselect changes are applied] ***
skipping: [localhost]

TASK [/stigforge/roles/rhel9_cis : Set PAM's Password Hashing Algorithm - Ensure the authselect custom profile is selected] ***
skipping: [localhost]

TASK [/stigforge/roles/rhel9_cis : Set PAM's Password Hashing Algorithm - Restore the authselect features in the custom profile] ***
skipping: [localhost]

TASK [/stigforge/roles/rhel9_cis : Set PAM's Password Hashing Algorithm - Ensure authselect changes are applied] ***
skipping: [localhost]

TASK [/stigforge/roles/rhel9_cis : Set PAM's Password Hashing Algorithm - Change the PAM file to be edited according to the custom authselect profile] ***
ok: [localhost]

TASK [/stigforge/roles/rhel9_cis : Set PAM's Password Hashing Algorithm - Define a fact for control already filtered in case filters are used] ***
ok: [localhost]

TASK [/stigforge/roles/rhel9_cis : Set PAM's Password Hashing Algorithm - Check if expected PAM module line is present in /etc/authselect/custom/hardening/system-auth] ***
ok: [localhost]

TASK [/stigforge/roles/rhel9_cis : Set PAM's Password Hashing Algorithm - Check if required PAM module line is present in /etc/authselect/custom/hardening/system-auth with different control] ***
skipping: [localhost]

TASK [/stigforge/roles/rhel9_cis : Set PAM's Password Hashing Algorithm - Ensure the correct control for the required PAM module line in /etc/authselect/custom/hardening/system-auth] ***
skipping: [localhost]

TASK [/stigforge/roles/rhel9_cis : Set PAM's Password Hashing Algorithm - Ensure the required PAM module line is included in /etc/authselect/custom/hardening/system-auth] ***
skipping: [localhost]

TASK [/stigforge/roles/rhel9_cis : Set PAM's Password Hashing Algorithm - Ensure authselect changes are applied] ***
skipping: [localhost]

TASK [/stigforge/roles/rhel9_cis : Set PAM's Password Hashing Algorithm - Define a fact for control already filtered in case filters are used] ***
ok: [localhost]

TASK [/stigforge/roles/rhel9_cis : Set PAM's Password Hashing Algorithm - Check if the required PAM module option is present in /etc/authselect/custom/hardening/system-auth] ***
ok: [localhost]

TASK [/stigforge/roles/rhel9_cis : Set PAM's Password Hashing Algorithm - Ensure the "sha512" PAM option for "pam_unix.so" is included in /etc/authselect/custom/hardening/system-auth] ***
skipping: [localhost]

TASK [/stigforge/roles/rhel9_cis : Set PAM's Password Hashing Algorithm - Ensure authselect changes are applied] ***
skipping: [localhost]

TASK [/stigforge/roles/rhel9_cis : Set PAM's Password Hashing Algorithm - Check if /etc/pam.d/system-auth File is Present] ***
ok: [localhost]

TASK [/stigforge/roles/rhel9_cis : Set PAM's Password Hashing Algorithm - Define the PAM file to be edited as a local fact] ***
ok: [localhost]

TASK [/stigforge/roles/rhel9_cis : Set PAM's Password Hashing Algorithm - Check if system relies on authselect tool] ***
ok: [localhost]

TASK [/stigforge/roles/rhel9_cis : Set PAM's Password Hashing Algorithm - Check integrity of authselect current profile] ***
ok: [localhost]

TASK [/stigforge/roles/rhel9_cis : Set PAM's Password Hashing Algorithm - Informative message based on the authselect integrity check result] ***
ok: [localhost] => {
    "changed": false,
    "msg": [
        "authselect integrity check passed"
    ]
}

TASK [/stigforge/roles/rhel9_cis : Set PAM's Password Hashing Algorithm - Get authselect current profile] ***
ok: [localhost]

TASK [/stigforge/roles/rhel9_cis : Set PAM's Password Hashing Algorithm - Define the current authselect profile as a local fact] ***
ok: [localhost]

TASK [/stigforge/roles/rhel9_cis : Set PAM's Password Hashing Algorithm - Define the new authselect custom profile as a local fact] ***
skipping: [localhost]

TASK [/stigforge/roles/rhel9_cis : Set PAM's Password Hashing Algorithm - Get authselect current features to also enable them in the custom profile] ***
skipping: [localhost]

TASK [/stigforge/roles/rhel9_cis : Set PAM's Password Hashing Algorithm - Check if any custom profile with the same name was already created] ***
skipping: [localhost]

TASK [/stigforge/roles/rhel9_cis : Set PAM's Password Hashing Algorithm - Create an authselect custom profile based on the current profile] ***
skipping: [localhost]

TASK [/stigforge/roles/rhel9_cis : Set PAM's Password Hashing Algorithm - Create an authselect custom profile based on sssd profile] ***
skipping: [localhost]

TASK [/stigforge/roles/rhel9_cis : Set PAM's Password Hashing Algorithm - Ensure authselect changes are applied] ***
skipping: [localhost]

TASK [/stigforge/roles/rhel9_cis : Set PAM's Password Hashing Algorithm - Ensure the authselect custom profile is selected] ***
skipping: [localhost]

TASK [/stigforge/roles/rhel9_cis : Set PAM's Password Hashing Algorithm - Restore the authselect features in the custom profile] ***
skipping: [localhost]

TASK [/stigforge/roles/rhel9_cis : Set PAM's Password Hashing Algorithm - Ensure authselect changes are applied] ***
skipping: [localhost]

TASK [/stigforge/roles/rhel9_cis : Set PAM's Password Hashing Algorithm - Change the PAM file to be edited according to the custom authselect profile] ***
ok: [localhost]

TASK [/stigforge/roles/rhel9_cis : Set PAM's Password Hashing Algorithm - Check if "/etc/authselect/custom/hardening/system-auth" File is Present] ***
ok: [localhost]

TASK [/stigforge/roles/rhel9_cis : Set PAM's Password Hashing Algorithm - Ensure That Only the Correct Hashing Algorithm Option For pam_unix.so Is Used in /etc/authselect/custom/hardening/system-auth] ***
skipping: [localhost] => (item=sha512) 
ok: [localhost] => (item=yescrypt)
ok: [localhost] => (item=gost_yescrypt)
ok: [localhost] => (item=blowfish)
ok: [localhost] => (item=sha256)
ok: [localhost] => (item=md5)
ok: [localhost] => (item=bigcrypt)

TASK [/stigforge/roles/rhel9_cis : Set PAM's Password Hashing Algorithm - Ensure authselect changes are applied] ***
skipping: [localhost]

TASK [/stigforge/roles/rhel9_cis : Set Account Expiration Following Inactivity] ***
changed: [localhost]

TASK [/stigforge/roles/rhel9_cis : Set Password Maximum Age] *******************
changed: [localhost]

TASK [/stigforge/roles/rhel9_cis : Collect users with not correct maximum time period between password changes] ***
changed: [localhost]

TASK [/stigforge/roles/rhel9_cis : Change the maximum time period between password changes] ***
skipping: [localhost]

TASK [/stigforge/roles/rhel9_cis : Set Existing Passwords Warning Age - Collect Users With Incorrect Number of Days of Warning Before Password Expires] ***
ok: [localhost]

TASK [/stigforge/roles/rhel9_cis : Set Existing Passwords Warning Age - Ensure the Number of Days of Warning Before Password Expires] ***
skipping: [localhost]

TASK [/stigforge/roles/rhel9_cis : Set Password Warning Age] *******************
changed: [localhost]

TASK [/stigforge/roles/rhel9_cis : Collect users with not correct INACTIVE parameter set] ***
ok: [localhost]

TASK [/stigforge/roles/rhel9_cis : Change the period of inactivity] ************
skipping: [localhost]

TASK [/stigforge/roles/rhel9_cis : Prevent Login to Accounts With Empty Password - Check if system relies on authselect] ***
skipping: [localhost]

TASK [/stigforge/roles/rhel9_cis : Prevent Login to Accounts With Empty Password - Check integrity of authselect current profile] ***
skipping: [localhost]

TASK [/stigforge/roles/rhel9_cis : Prevent Login to Accounts With Empty Password - Informative message based on the authselect integrity check result] ***
skipping: [localhost]

TASK [/stigforge/roles/rhel9_cis : Prevent Login to Accounts With Empty Password - Get authselect current features] ***
skipping: [localhost]

TASK [/stigforge/roles/rhel9_cis : Prevent Login to Accounts With Empty Password - Ensure "without-nullok" feature is enabled using authselect tool] ***
skipping: [localhost]

TASK [/stigforge/roles/rhel9_cis : Prevent Login to Accounts With Empty Password - Ensure authselect changes are applied] ***
skipping: [localhost]

TASK [/stigforge/roles/rhel9_cis : Prevent Login to Accounts With Empty Password - Remediate directly editing PAM files] ***
skipping: [localhost] => (item=/etc/pam.d/system-auth) 
skipping: [localhost] => (item=/etc/pam.d/password-auth) 
skipping: [localhost]

TASK [/stigforge/roles/rhel9_cis : Collect users with no password] *************
skipping: [localhost]

TASK [/stigforge/roles/rhel9_cis : Lock users with no password] ****************
skipping: [localhost]

TASK [/stigforge/roles/rhel9_cis : Get all /etc/passwd file entries] ***********
ok: [localhost]

TASK [/stigforge/roles/rhel9_cis : Lock the password of the user accounts other than root with uid 0] ***
skipping: [localhost] => (item={'key': 'bin', 'value': ['x', '1', '1', 'bin', '/bin', '/sbin/nologin']}) 
skipping: [localhost] => (item={'key': 'daemon', 'value': ['x', '2', '2', 'daemon', '/sbin', '/sbin/nologin']}) 
skipping: [localhost] => (item={'key': 'adm', 'value': ['x', '3', '4', 'adm', '/var/adm', '/sbin/nologin']}) 
skipping: [localhost] => (item={'key': 'lp', 'value': ['x', '4', '7', 'lp', '/var/spool/lpd', '/sbin/nologin']}) 
skipping: [localhost] => (item={'key': 'sync', 'value': ['x', '5', '0', 'sync', '/sbin', '/bin/sync']}) 
skipping: [localhost] => (item={'key': 'shutdown', 'value': ['x', '6', '0', 'shutdown', '/sbin', '/sbin/shutdown']}) 
skipping: [localhost] => (item={'key': 'halt', 'value': ['x', '7', '0', 'halt', '/sbin', '/sbin/halt']}) 
skipping: [localhost] => (item={'key': 'mail', 'value': ['x', '8', '12', 'mail', '/var/spool/mail', '/sbin/nologin']}) 
skipping: [localhost] => (item={'key': 'operator', 'value': ['x', '11', '0', 'operator', '/root', '/sbin/nologin']}) 
skipping: [localhost] => (item={'key': 'games', 'value': ['x', '12', '100', 'games', '/usr/games', '/sbin/nologin']}) 
skipping: [localhost] => (item={'key': 'ftp', 'value': ['x', '14', '50', 'FTP User', '/var/ftp', '/sbin/nologin']}) 
skipping: [localhost] => (item={'key': 'nobody', 'value': ['x', '65534', '65534', 'Kernel Overflow User', '/', '/sbin/nologin']}) 
skipping: [localhost] => (item={'key': 'tss', 'value': ['x', '59', '59', 'Account used for TPM access', '/', '/usr/sbin/nologin']}) 
skipping: [localhost] => (item={'key': 'systemd-coredump', 'value': ['x', '999', '999', 'systemd Core Dumper', '/', '/sbin/nologin']}) 
skipping: [localhost]

TASK [/stigforge/roles/rhel9_cis : Ensure the Group Used by pam_wheel.so Module Exists on System and is Empty - Ensure sugroup Group Exists] ***
changed: [localhost]

TASK [/stigforge/roles/rhel9_cis : Ensure the Group Used by pam_wheel.so Module Exists on System and is Empty - Ensure sugroup Group is Empty] ***
ok: [localhost]

TASK [/stigforge/roles/rhel9_cis : Ensure that System Accounts Are Locked - Get All Local Users From /etc/passwd] ***
ok: [localhost]

TASK [/stigforge/roles/rhel9_cis : Ensure that System Accounts Are Locked - Create local_users Variable From getent_passwd Facts] ***
ok: [localhost]

TASK [/stigforge/roles/rhel9_cis : Ensure that System Accounts Are Locked - Lock System Accounts] ***
skipping: [localhost] => (item={'key': 'root', 'value': ['x', '0', '0', 'root', '/root', '/bin/bash']}) 
changed: [localhost] => (item={'key': 'bin', 'value': ['x', '1', '1', 'bin', '/bin', '/sbin/nologin']})
changed: [localhost] => (item={'key': 'daemon', 'value': ['x', '2', '2', 'daemon', '/sbin', '/sbin/nologin']})
changed: [localhost] => (item={'key': 'adm', 'value': ['x', '3', '4', 'adm', '/var/adm', '/sbin/nologin']})
changed: [localhost] => (item={'key': 'lp', 'value': ['x', '4', '7', 'lp', '/var/spool/lpd', '/sbin/nologin']})
skipping: [localhost] => (item={'key': 'sync', 'value': ['x', '5', '0', 'sync', '/sbin', '/bin/sync']}) 
skipping: [localhost] => (item={'key': 'shutdown', 'value': ['x', '6', '0', 'shutdown', '/sbin', '/sbin/shutdown']}) 
skipping: [localhost] => (item={'key': 'halt', 'value': ['x', '7', '0', 'halt', '/sbin', '/sbin/halt']}) 
changed: [localhost] => (item={'key': 'mail', 'value': ['x', '8', '12', 'mail', '/var/spool/mail', '/sbin/nologin']})
changed: [localhost] => (item={'key': 'operator', 'value': ['x', '11', '0', 'operator', '/root', '/sbin/nologin']})
changed: [localhost] => (item={'key': 'games', 'value': ['x', '12', '100', 'games', '/usr/games', '/sbin/nologin']})
changed: [localhost] => (item={'key': 'ftp', 'value': ['x', '14', '50', 'FTP User', '/var/ftp', '/sbin/nologin']})
skipping: [localhost] => (item={'key': 'nobody', 'value': ['x', '65534', '65534', 'Kernel Overflow User', '/', '/sbin/nologin']}) 
ok: [localhost] => (item={'key': 'tss', 'value': ['x', '59', '59', 'Account used for TPM access', '/', '/usr/sbin/nologin']})
ok: [localhost] => (item={'key': 'systemd-coredump', 'value': ['x', '999', '999', 'systemd Core Dumper', '/', '/sbin/nologin']})

TASK [/stigforge/roles/rhel9_cis : Ensure that System Accounts Do Not Run a Shell Upon Login - Get All Local Users From /etc/passwd] ***
ok: [localhost]

TASK [/stigforge/roles/rhel9_cis : Ensure that System Accounts Do Not Run a Shell Upon Login - Create local_users Variable From getent_passwd Facts] ***
ok: [localhost]

TASK [/stigforge/roles/rhel9_cis : Ensure that System Accounts Do Not Run a Shell Upon Login -  Disable Login Shell for System Accounts] ***
skipping: [localhost] => (item={'key': 'root', 'value': ['x', '0', '0', 'root', '/root', '/bin/bash']}) 
ok: [localhost] => (item={'key': 'bin', 'value': ['x', '1', '1', 'bin', '/bin', '/sbin/nologin']})
ok: [localhost] => (item={'key': 'daemon', 'value': ['x', '2', '2', 'daemon', '/sbin', '/sbin/nologin']})
ok: [localhost] => (item={'key': 'adm', 'value': ['x', '3', '4', 'adm', '/var/adm', '/sbin/nologin']})
ok: [localhost] => (item={'key': 'lp', 'value': ['x', '4', '7', 'lp', '/var/spool/lpd', '/sbin/nologin']})
skipping: [localhost] => (item={'key': 'sync', 'value': ['x', '5', '0', 'sync', '/sbin', '/bin/sync']}) 
skipping: [localhost] => (item={'key': 'shutdown', 'value': ['x', '6', '0', 'shutdown', '/sbin', '/sbin/shutdown']}) 
skipping: [localhost] => (item={'key': 'halt', 'value': ['x', '7', '0', 'halt', '/sbin', '/sbin/halt']}) 
ok: [localhost] => (item={'key': 'mail', 'value': ['x', '8', '12', 'mail', '/var/spool/mail', '/sbin/nologin']})
ok: [localhost] => (item={'key': 'operator', 'value': ['x', '11', '0', 'operator', '/root', '/sbin/nologin']})
ok: [localhost] => (item={'key': 'games', 'value': ['x', '12', '100', 'games', '/usr/games', '/sbin/nologin']})
ok: [localhost] => (item={'key': 'ftp', 'value': ['x', '14', '50', 'FTP User', '/var/ftp', '/sbin/nologin']})
skipping: [localhost] => (item={'key': 'nobody', 'value': ['x', '65534', '65534', 'Kernel Overflow User', '/', '/sbin/nologin']}) 
changed: [localhost] => (item={'key': 'tss', 'value': ['x', '59', '59', 'Account used for TPM access', '/', '/usr/sbin/nologin']})
ok: [localhost] => (item={'key': 'systemd-coredump', 'value': ['x', '999', '999', 'systemd Core Dumper', '/', '/sbin/nologin']})

TASK [/stigforge/roles/rhel9_cis : Enforce Usage of pam_wheel with Group Parameter for su Authentication - Add the group to the /etc/pam.d/su file] ***
changed: [localhost]

TASK [/stigforge/roles/rhel9_cis : Correct any occurrence of TMOUT in /etc/profile] ***
skipping: [localhost]

TASK [/stigforge/roles/rhel9_cis : Set Interactive Session Timeout] ************
skipping: [localhost]

TASK [/stigforge/roles/rhel9_cis : Ensure interactive local users are the group-owners of their respective initialization files] ***
changed: [localhost]

TASK [/stigforge/roles/rhel9_cis : User Initialization Files Must Not Run World-Writable Programs - Initialize variables] ***
ok: [localhost]

TASK [/stigforge/roles/rhel9_cis : User Initialization Files Must Not Run World-Writable Programs - Get user's home dir list] ***
ok: [localhost]

TASK [/stigforge/roles/rhel9_cis : User Initialization Files Must Not Run World-Writable Programs - Fill home_user_dirs] ***
skipping: [localhost] => (item={'user': 'root', 'data': ['x', '0', '0', 'root', '/root', '/bin/bash']}) 
skipping: [localhost] => (item={'user': 'bin', 'data': ['x', '1', '1', 'bin', '/bin', '/sbin/nologin']}) 
skipping: [localhost] => (item={'user': 'daemon', 'data': ['x', '2', '2', 'daemon', '/sbin', '/sbin/nologin']}) 
skipping: [localhost] => (item={'user': 'adm', 'data': ['x', '3', '4', 'adm', '/var/adm', '/sbin/nologin']}) 
skipping: [localhost] => (item={'user': 'lp', 'data': ['x', '4', '7', 'lp', '/var/spool/lpd', '/sbin/nologin']}) 
skipping: [localhost] => (item={'user': 'sync', 'data': ['x', '5', '0', 'sync', '/sbin', '/bin/sync']}) 
skipping: [localhost] => (item={'user': 'shutdown', 'data': ['x', '6', '0', 'shutdown', '/sbin', '/sbin/shutdown']}) 
skipping: [localhost] => (item={'user': 'halt', 'data': ['x', '7', '0', 'halt', '/sbin', '/sbin/halt']}) 
skipping: [localhost] => (item={'user': 'mail', 'data': ['x', '8', '12', 'mail', '/var/spool/mail', '/sbin/nologin']}) 
skipping: [localhost] => (item={'user': 'operator', 'data': ['x', '11', '0', 'operator', '/root', '/sbin/nologin']}) 
skipping: [localhost] => (item={'user': 'games', 'data': ['x', '12', '100', 'games', '/usr/games', '/sbin/nologin']}) 
skipping: [localhost] => (item={'user': 'ftp', 'data': ['x', '14', '50', 'FTP User', '/var/ftp', '/sbin/nologin']}) 
skipping: [localhost] => (item={'user': 'nobody', 'data': ['x', '65534', '65534', 'Kernel Overflow User', '/', '/sbin/nologin']}) 
skipping: [localhost] => (item={'user': 'tss', 'data': ['x', '59', '59', 'Account used for TPM access', '/', '/sbin/nologin']}) 
skipping: [localhost] => (item={'user': 'systemd-coredump', 'data': ['x', '999', '999', 'systemd Core Dumper', '/', '/sbin/nologin']}) 
skipping: [localhost]

TASK [/stigforge/roles/rhel9_cis : User Initialization Files Must Not Run World-Writable Programs - Get world writable files] ***
changed: [localhost]

TASK [/stigforge/roles/rhel9_cis : User Initialization Files Must Not Run World-Writable Programs - Find referenced_files in init files] ***
skipping: [localhost]

TASK [/stigforge/roles/rhel9_cis : User Initialization Files Must Not Run World-Writable Programs - Remove world writable permissions] ***
skipping: [localhost]

TASK [/stigforge/roles/rhel9_cis : Ensure interactive local users are the owners of their respective initialization files] ***
changed: [localhost]

TASK [/stigforge/roles/rhel9_cis : Get all local users from /etc/passwd] *******
ok: [localhost]

TASK [/stigforge/roles/rhel9_cis : Create local_users variable from the getent output] ***
ok: [localhost]

TASK [/stigforge/roles/rhel9_cis : Ensure interactive users have a home directory exists] ***
skipping: [localhost] => (item={'key': 'root', 'value': ['x', '0', '0', 'root', '/root', '/bin/bash']}) 
skipping: [localhost] => (item={'key': 'bin', 'value': ['x', '1', '1', 'bin', '/bin', '/sbin/nologin']}) 
skipping: [localhost] => (item={'key': 'daemon', 'value': ['x', '2', '2', 'daemon', '/sbin', '/sbin/nologin']}) 
skipping: [localhost] => (item={'key': 'adm', 'value': ['x', '3', '4', 'adm', '/var/adm', '/sbin/nologin']}) 
skipping: [localhost] => (item={'key': 'lp', 'value': ['x', '4', '7', 'lp', '/var/spool/lpd', '/sbin/nologin']}) 
skipping: [localhost] => (item={'key': 'sync', 'value': ['x', '5', '0', 'sync', '/sbin', '/bin/sync']}) 
skipping: [localhost] => (item={'key': 'shutdown', 'value': ['x', '6', '0', 'shutdown', '/sbin', '/sbin/shutdown']}) 
skipping: [localhost] => (item={'key': 'halt', 'value': ['x', '7', '0', 'halt', '/sbin', '/sbin/halt']}) 
skipping: [localhost] => (item={'key': 'mail', 'value': ['x', '8', '12', 'mail', '/var/spool/mail', '/sbin/nologin']}) 
skipping: [localhost] => (item={'key': 'operator', 'value': ['x', '11', '0', 'operator', '/root', '/sbin/nologin']}) 
skipping: [localhost] => (item={'key': 'games', 'value': ['x', '12', '100', 'games', '/usr/games', '/sbin/nologin']}) 
skipping: [localhost] => (item={'key': 'ftp', 'value': ['x', '14', '50', 'FTP User', '/var/ftp', '/sbin/nologin']}) 
skipping: [localhost] => (item={'key': 'nobody', 'value': ['x', '65534', '65534', 'Kernel Overflow User', '/', '/sbin/nologin']}) 
skipping: [localhost] => (item={'key': 'tss', 'value': ['x', '59', '59', 'Account used for TPM access', '/', '/sbin/nologin']}) 
skipping: [localhost] => (item={'key': 'systemd-coredump', 'value': ['x', '999', '999', 'systemd Core Dumper', '/', '/sbin/nologin']}) 
skipping: [localhost]

TASK [/stigforge/roles/rhel9_cis : Ensure All User Initialization Files Have Mode 0740 Or Less Permissive - Gather User Info] ***
ok: [localhost]

TASK [/stigforge/roles/rhel9_cis : Ensure All User Initialization Files Have Mode 0740 Or Less Permissive - Find Init Files] ***
skipping: [localhost] => (item={'key': 'root', 'value': ['x', '0', '0', 'root', '/root', '/bin/bash']}) 
skipping: [localhost] => (item={'key': 'bin', 'value': ['x', '1', '1', 'bin', '/bin', '/sbin/nologin']}) 
skipping: [localhost] => (item={'key': 'daemon', 'value': ['x', '2', '2', 'daemon', '/sbin', '/sbin/nologin']}) 
skipping: [localhost] => (item={'key': 'adm', 'value': ['x', '3', '4', 'adm', '/var/adm', '/sbin/nologin']}) 
skipping: [localhost] => (item={'key': 'lp', 'value': ['x', '4', '7', 'lp', '/var/spool/lpd', '/sbin/nologin']}) 
skipping: [localhost] => (item={'key': 'sync', 'value': ['x', '5', '0', 'sync', '/sbin', '/bin/sync']}) 
skipping: [localhost] => (item={'key': 'shutdown', 'value': ['x', '6', '0', 'shutdown', '/sbin', '/sbin/shutdown']}) 
skipping: [localhost] => (item={'key': 'halt', 'value': ['x', '7', '0', 'halt', '/sbin', '/sbin/halt']}) 
skipping: [localhost] => (item={'key': 'mail', 'value': ['x', '8', '12', 'mail', '/var/spool/mail', '/sbin/nologin']}) 
skipping: [localhost] => (item={'key': 'operator', 'value': ['x', '11', '0', 'operator', '/root', '/sbin/nologin']}) 
skipping: [localhost] => (item={'key': 'games', 'value': ['x', '12', '100', 'games', '/usr/games', '/sbin/nologin']}) 
skipping: [localhost] => (item={'key': 'ftp', 'value': ['x', '14', '50', 'FTP User', '/var/ftp', '/sbin/nologin']}) 
skipping: [localhost] => (item={'key': 'nobody', 'value': ['x', '65534', '65534', 'Kernel Overflow User', '/', '/sbin/nologin']}) 
skipping: [localhost] => (item={'key': 'tss', 'value': ['x', '59', '59', 'Account used for TPM access', '/', '/sbin/nologin']}) 
skipping: [localhost] => (item={'key': 'systemd-coredump', 'value': ['x', '999', '999', 'systemd Core Dumper', '/', '/sbin/nologin']}) 
skipping: [localhost]

TASK [/stigforge/roles/rhel9_cis : Ensure All User Initialization Files Have Mode 0740 Or Less Permissive - Fix Init Files Permissions] ***
skipping: [localhost]

TASK [/stigforge/roles/rhel9_cis : Get all local users from /etc/passwd] *******
ok: [localhost]

TASK [/stigforge/roles/rhel9_cis : Create local_users variable from the getent output] ***
ok: [localhost]

TASK [/stigforge/roles/rhel9_cis : Test for existence home directories to avoid creating them.] ***
skipping: [localhost] => (item={'key': 'root', 'value': ['x', '0', '0', 'root', '/root', '/bin/bash']}) 
skipping: [localhost] => (item={'key': 'bin', 'value': ['x', '1', '1', 'bin', '/bin', '/sbin/nologin']}) 
skipping: [localhost] => (item={'key': 'daemon', 'value': ['x', '2', '2', 'daemon', '/sbin', '/sbin/nologin']}) 
skipping: [localhost] => (item={'key': 'adm', 'value': ['x', '3', '4', 'adm', '/var/adm', '/sbin/nologin']}) 
skipping: [localhost] => (item={'key': 'lp', 'value': ['x', '4', '7', 'lp', '/var/spool/lpd', '/sbin/nologin']}) 
skipping: [localhost] => (item={'key': 'sync', 'value': ['x', '5', '0', 'sync', '/sbin', '/bin/sync']}) 
skipping: [localhost] => (item={'key': 'shutdown', 'value': ['x', '6', '0', 'shutdown', '/sbin', '/sbin/shutdown']}) 
skipping: [localhost] => (item={'key': 'halt', 'value': ['x', '7', '0', 'halt', '/sbin', '/sbin/halt']}) 
skipping: [localhost] => (item={'key': 'mail', 'value': ['x', '8', '12', 'mail', '/var/spool/mail', '/sbin/nologin']}) 
skipping: [localhost] => (item={'key': 'operator', 'value': ['x', '11', '0', 'operator', '/root', '/sbin/nologin']}) 
skipping: [localhost] => (item={'key': 'games', 'value': ['x', '12', '100', 'games', '/usr/games', '/sbin/nologin']}) 
skipping: [localhost] => (item={'key': 'ftp', 'value': ['x', '14', '50', 'FTP User', '/var/ftp', '/sbin/nologin']}) 
skipping: [localhost] => (item={'key': 'nobody', 'value': ['x', '65534', '65534', 'Kernel Overflow User', '/', '/sbin/nologin']}) 
skipping: [localhost] => (item={'key': 'tss', 'value': ['x', '59', '59', 'Account used for TPM access', '/', '/sbin/nologin']}) 
skipping: [localhost] => (item={'key': 'systemd-coredump', 'value': ['x', '999', '999', 'systemd Core Dumper', '/', '/sbin/nologin']}) 
skipping: [localhost]

TASK [/stigforge/roles/rhel9_cis : Ensure interactive local users have proper permissions on their respective home directories] ***
skipping: [localhost] => (item=[{'key': 'root', 'value': ['x', '0', '0', 'root', '/root', '/bin/bash']}, {'changed': False, 'skipped': True, 'skip_reason': 'Conditional result was False', 'false_condition': 'item.value[1]|int >= 1000', 'item': {'key': 'root', 'value': ['x', '0', '0', 'root', '/root', '/bin/bash']}, 'ansible_loop_var': 'item'}]) 
skipping: [localhost] => (item=[{'key': 'bin', 'value': ['x', '1', '1', 'bin', '/bin', '/sbin/nologin']}, {'changed': False, 'skipped': True, 'skip_reason': 'Conditional result was False', 'false_condition': 'item.value[1]|int >= 1000', 'item': {'key': 'bin', 'value': ['x', '1', '1', 'bin', '/bin', '/sbin/nologin']}, 'ansible_loop_var': 'item'}]) 
skipping: [localhost] => (item=[{'key': 'daemon', 'value': ['x', '2', '2', 'daemon', '/sbin', '/sbin/nologin']}, {'changed': False, 'skipped': True, 'skip_reason': 'Conditional result was False', 'false_condition': 'item.value[1]|int >= 1000', 'item': {'key': 'daemon', 'value': ['x', '2', '2', 'daemon', '/sbin', '/sbin/nologin']}, 'ansible_loop_var': 'item'}]) 
skipping: [localhost] => (item=[{'key': 'adm', 'value': ['x', '3', '4', 'adm', '/var/adm', '/sbin/nologin']}, {'changed': False, 'skipped': True, 'skip_reason': 'Conditional result was False', 'false_condition': 'item.value[1]|int >= 1000', 'item': {'key': 'adm', 'value': ['x', '3', '4', 'adm', '/var/adm', '/sbin/nologin']}, 'ansible_loop_var': 'item'}]) 
skipping: [localhost] => (item=[{'key': 'lp', 'value': ['x', '4', '7', 'lp', '/var/spool/lpd', '/sbin/nologin']}, {'changed': False, 'skipped': True, 'skip_reason': 'Conditional result was False', 'false_condition': 'item.value[1]|int >= 1000', 'item': {'key': 'lp', 'value': ['x', '4', '7', 'lp', '/var/spool/lpd', '/sbin/nologin']}, 'ansible_loop_var': 'item'}]) 
skipping: [localhost] => (item=[{'key': 'sync', 'value': ['x', '5', '0', 'sync', '/sbin', '/bin/sync']}, {'changed': False, 'skipped': True, 'skip_reason': 'Conditional result was False', 'false_condition': 'item.value[1]|int >= 1000', 'item': {'key': 'sync', 'value': ['x', '5', '0', 'sync', '/sbin', '/bin/sync']}, 'ansible_loop_var': 'item'}]) 
skipping: [localhost] => (item=[{'key': 'shutdown', 'value': ['x', '6', '0', 'shutdown', '/sbin', '/sbin/shutdown']}, {'changed': False, 'skipped': True, 'skip_reason': 'Conditional result was False', 'false_condition': 'item.value[1]|int >= 1000', 'item': {'key': 'shutdown', 'value': ['x', '6', '0', 'shutdown', '/sbin', '/sbin/shutdown']}, 'ansible_loop_var': 'item'}]) 
skipping: [localhost] => (item=[{'key': 'halt', 'value': ['x', '7', '0', 'halt', '/sbin', '/sbin/halt']}, {'changed': False, 'skipped': True, 'skip_reason': 'Conditional result was False', 'false_condition': 'item.value[1]|int >= 1000', 'item': {'key': 'halt', 'value': ['x', '7', '0', 'halt', '/sbin', '/sbin/halt']}, 'ansible_loop_var': 'item'}]) 
skipping: [localhost] => (item=[{'key': 'mail', 'value': ['x', '8', '12', 'mail', '/var/spool/mail', '/sbin/nologin']}, {'changed': False, 'skipped': True, 'skip_reason': 'Conditional result was False', 'false_condition': 'item.value[1]|int >= 1000', 'item': {'key': 'mail', 'value': ['x', '8', '12', 'mail', '/var/spool/mail', '/sbin/nologin']}, 'ansible_loop_var': 'item'}]) 
skipping: [localhost] => (item=[{'key': 'operator', 'value': ['x', '11', '0', 'operator', '/root', '/sbin/nologin']}, {'changed': False, 'skipped': True, 'skip_reason': 'Conditional result was False', 'false_condition': 'item.value[1]|int >= 1000', 'item': {'key': 'operator', 'value': ['x', '11', '0', 'operator', '/root', '/sbin/nologin']}, 'ansible_loop_var': 'item'}]) 
skipping: [localhost] => (item=[{'key': 'games', 'value': ['x', '12', '100', 'games', '/usr/games', '/sbin/nologin']}, {'changed': False, 'skipped': True, 'skip_reason': 'Conditional result was False', 'false_condition': 'item.value[1]|int >= 1000', 'item': {'key': 'games', 'value': ['x', '12', '100', 'games', '/usr/games', '/sbin/nologin']}, 'ansible_loop_var': 'item'}]) 
skipping: [localhost] => (item=[{'key': 'ftp', 'value': ['x', '14', '50', 'FTP User', '/var/ftp', '/sbin/nologin']}, {'changed': False, 'skipped': True, 'skip_reason': 'Conditional result was False', 'false_condition': 'item.value[1]|int >= 1000', 'item': {'key': 'ftp', 'value': ['x', '14', '50', 'FTP User', '/var/ftp', '/sbin/nologin']}, 'ansible_loop_var': 'item'}]) 
skipping: [localhost] => (item=[{'key': 'nobody', 'value': ['x', '65534', '65534', 'Kernel Overflow User', '/', '/sbin/nologin']}, {'changed': False, 'skipped': True, 'skip_reason': 'Conditional result was False', 'false_condition': 'item.value[1]|int != 65534', 'item': {'key': 'nobody', 'value': ['x', '65534', '65534', 'Kernel Overflow User', '/', '/sbin/nologin']}, 'ansible_loop_var': 'item'}]) 
skipping: [localhost] => (item=[{'key': 'tss', 'value': ['x', '59', '59', 'Account used for TPM access', '/', '/sbin/nologin']}, {'changed': False, 'skipped': True, 'skip_reason': 'Conditional result was False', 'false_condition': 'item.value[1]|int >= 1000', 'item': {'key': 'tss', 'value': ['x', '59', '59', 'Account used for TPM access', '/', '/sbin/nologin']}, 'ansible_loop_var': 'item'}]) 
skipping: [localhost] => (item=[{'key': 'systemd-coredump', 'value': ['x', '999', '999', 'systemd Core Dumper', '/', '/sbin/nologin']}, {'changed': False, 'skipped': True, 'skip_reason': 'Conditional result was False', 'false_condition': 'item.value[1]|int >= 1000', 'item': {'key': 'systemd-coredump', 'value': ['x', '999', '999', 'systemd Core Dumper', '/', '/sbin/nologin']}, 'ansible_loop_var': 'item'}]) 
skipping: [localhost]

TASK [/stigforge/roles/rhel9_cis : Get root paths which are not symbolic links] ***
ok: [localhost] => (item=/usr/local/sbin)
ok: [localhost] => (item=/usr/local/bin)
ok: [localhost] => (item=/usr/sbin)
ok: [localhost] => (item=/usr/bin)
ok: [localhost] => (item=/sbin)
ok: [localhost] => (item=/bin)

TASK [/stigforge/roles/rhel9_cis : Disable writability to root directories] ****
ok: [localhost] => (item={'changed': False, 'stat': {'exists': True, 'path': '/usr/local/sbin', 'mode': '0755', 'isdir': True, 'ischr': False, 'isblk': False, 'isreg': False, 'isfifo': False, 'islnk': False, 'issock': False, 'uid': 0, 'gid': 0, 'size': 4096, 'inode': 11676627, 'dev': 114, 'nlink': 2, 'atime': 1785234444.622741, 'mtime': 1652704127.0, 'ctime': 1785234444.6017408, 'wusr': True, 'rusr': True, 'xusr': True, 'wgrp': False, 'rgrp': True, 'xgrp': True, 'woth': False, 'roth': True, 'xoth': True, 'isuid': False, 'isgid': False, 'blocks': 8, 'block_size': 4096, 'device_type': 0, 'readable': True, 'writeable': True, 'executable': True, 'pw_name': 'root', 'gr_name': 'root', 'mimetype': 'unknown', 'charset': 'unknown', 'version': None, 'attributes': [], 'attr_flags': ''}, 'invocation': {'module_args': {'path': '/usr/local/sbin', 'follow': False, 'get_checksum': True, 'get_mime': True, 'get_attributes': True, 'checksum_algorithm': 'sha1'}}, 'failed': False, 'failed_when_result': False, 'item': '/usr/local/sbin', 'ansible_loop_var': 'item'})
ok: [localhost] => (item={'changed': False, 'stat': {'exists': True, 'path': '/usr/local/bin', 'mode': '0755', 'isdir': True, 'ischr': False, 'isblk': False, 'isreg': False, 'isfifo': False, 'islnk': False, 'issock': False, 'uid': 0, 'gid': 0, 'size': 4096, 'inode': 14050145, 'dev': 114, 'nlink': 1, 'atime': 1785319218.5510132, 'mtime': 1785319218.447037, 'ctime': 1785319218.447037, 'wusr': True, 'rusr': True, 'xusr': True, 'wgrp': False, 'rgrp': True, 'xgrp': True, 'woth': False, 'roth': True, 'xoth': True, 'isuid': False, 'isgid': False, 'blocks': 16, 'block_size': 4096, 'device_type': 0, 'readable': True, 'writeable': True, 'executable': True, 'pw_name': 'root', 'gr_name': 'root', 'mimetype': 'unknown', 'charset': 'unknown', 'version': None, 'attributes': [], 'attr_flags': ''}, 'invocation': {'module_args': {'path': '/usr/local/bin', 'follow': False, 'get_checksum': True, 'get_mime': True, 'get_attributes': True, 'checksum_algorithm': 'sha1'}}, 'failed': False, 'failed_when_result': False, 'item': '/usr/local/bin', 'ansible_loop_var': 'item'})
ok: [localhost] => (item={'changed': False, 'stat': {'exists': True, 'path': '/usr/sbin', 'mode': '0555', 'isdir': True, 'ischr': False, 'isblk': False, 'isreg': False, 'isfifo': False, 'islnk': False, 'issock': False, 'uid': 0, 'gid': 0, 'size': 4096, 'inode': 11938616, 'dev': 114, 'nlink': 1, 'atime': 1785234478.6271937, 'mtime': 1785234459.0, 'ctime': 1785234478.5911932, 'wusr': False, 'rusr': True, 'xusr': True, 'wgrp': False, 'rgrp': True, 'xgrp': True, 'woth': False, 'roth': True, 'xoth': True, 'isuid': False, 'isgid': False, 'blocks': 8, 'block_size': 4096, 'device_type': 0, 'readable': True, 'writeable': True, 'executable': True, 'pw_name': 'root', 'gr_name': 'root', 'mimetype': 'unknown', 'charset': 'unknown', 'version': None, 'attributes': [], 'attr_flags': ''}, 'invocation': {'module_args': {'path': '/usr/sbin', 'follow': False, 'get_checksum': True, 'get_mime': True, 'get_attributes': True, 'checksum_algorithm': 'sha1'}}, 'failed': False, 'failed_when_result': False, 'item': '/usr/sbin', 'ansible_loop_var': 'item'})
ok: [localhost] => (item={'changed': False, 'stat': {'exists': True, 'path': '/usr/bin', 'mode': '0555', 'isdir': True, 'ischr': False, 'isblk': False, 'isreg': False, 'isfifo': False, 'islnk': False, 'issock': False, 'uid': 0, 'gid': 0, 'size': 4096, 'inode': 11927678, 'dev': 114, 'nlink': 1, 'atime': 1785234478.5951931, 'mtime': 1785234459.0, 'ctime': 1785234478.5757723, 'wusr': False, 'rusr': True, 'xusr': True, 'wgrp': False, 'rgrp': True, 'xgrp': True, 'woth': False, 'roth': True, 'xoth': True, 'isuid': False, 'isgid': False, 'blocks': 8, 'block_size': 4096, 'device_type': 0, 'readable': True, 'writeable': True, 'executable': True, 'pw_name': 'root', 'gr_name': 'root', 'mimetype': 'unknown', 'charset': 'unknown', 'version': None, 'attributes': [], 'attr_flags': ''}, 'invocation': {'module_args': {'path': '/usr/bin', 'follow': False, 'get_checksum': True, 'get_mime': True, 'get_attributes': True, 'checksum_algorithm': 'sha1'}}, 'failed': False, 'failed_when_result': False, 'item': '/usr/bin', 'ansible_loop_var': 'item'})
skipping: [localhost] => (item={'changed': False, 'stat': {'exists': True, 'path': '/sbin', 'mode': '0777', 'isdir': False, 'ischr': False, 'isblk': False, 'isreg': False, 'isfifo': False, 'islnk': True, 'issock': False, 'uid': 0, 'gid': 0, 'size': 8, 'inode': 11671811, 'dev': 114, 'nlink': 1, 'atime': 1652704127.0, 'mtime': 1652704127.0, 'ctime': 1785234443.5887501, 'wusr': True, 'rusr': True, 'xusr': True, 'wgrp': True, 'rgrp': True, 'xgrp': True, 'woth': True, 'roth': True, 'xoth': True, 'isuid': False, 'isgid': False, 'blocks': 0, 'block_size': 4096, 'device_type': 0, 'readable': True, 'writeable': True, 'executable': True, 'lnk_source': '/usr/sbin', 'lnk_target': 'usr/sbin', 'pw_name': 'root', 'gr_name': 'root', 'mimetype': 'unknown', 'charset': 'unknown', 'version': None, 'attributes': [], 'attr_flags': ''}, 'invocation': {'module_args': {'path': '/sbin', 'follow': False, 'get_checksum': True, 'get_mime': True, 'get_attributes': True, 'checksum_algorithm': 'sha1'}}, 'failed': False, 'failed_when_result': False, 'item': '/sbin', 'ansible_loop_var': 'item'}) 
skipping: [localhost] => (item={'changed': False, 'stat': {'exists': True, 'path': '/bin', 'mode': '0777', 'isdir': False, 'ischr': False, 'isblk': False, 'isreg': False, 'isfifo': False, 'islnk': True, 'issock': False, 'uid': 0, 'gid': 0, 'size': 7, 'inode': 11671517, 'dev': 114, 'nlink': 1, 'atime': 1652704127.0, 'mtime': 1652704127.0, 'ctime': 1785234443.563196, 'wusr': True, 'rusr': True, 'xusr': True, 'wgrp': True, 'rgrp': True, 'xgrp': True, 'woth': True, 'roth': True, 'xoth': True, 'isuid': False, 'isgid': False, 'blocks': 0, 'block_size': 4096, 'device_type': 0, 'readable': True, 'writeable': True, 'executable': True, 'lnk_source': '/usr/bin', 'lnk_target': 'usr/bin', 'pw_name': 'root', 'gr_name': 'root', 'mimetype': 'unknown', 'charset': 'unknown', 'version': None, 'attributes': [], 'attr_flags': ''}, 'invocation': {'module_args': {'path': '/bin', 'follow': False, 'get_checksum': True, 'get_mime': True, 'get_attributes': True, 'checksum_algorithm': 'sha1'}}, 'failed': False, 'failed_when_result': False, 'item': '/bin', 'ansible_loop_var': 'item'}) 

TASK [/stigforge/roles/rhel9_cis : Check if umask in /etc/bashrc is already set] ***
ok: [localhost]

TASK [/stigforge/roles/rhel9_cis : Replace user umask in /etc/bashrc] **********
changed: [localhost]

TASK [/stigforge/roles/rhel9_cis : Ensure the Default umask is Appended Correctly] ***
skipping: [localhost]

TASK [/stigforge/roles/rhel9_cis : Check if UMASK is already set] **************
ok: [localhost]

TASK [/stigforge/roles/rhel9_cis : Replace user UMASK in /etc/login.defs] ******
changed: [localhost]

TASK [/stigforge/roles/rhel9_cis : Ensure the Default UMASK is Appended Correctly] ***
skipping: [localhost]

TASK [/stigforge/roles/rhel9_cis : Ensure the Default Umask is Set Correctly in /etc/profile - Locate Profile Configuration Files Where umask Is Defined] ***
ok: [localhost]

TASK [/stigforge/roles/rhel9_cis : Ensure the Default Umask is Set Correctly in /etc/profile - Replace Existing umask Value in Files From /etc/profile.d] ***
skipping: [localhost]

TASK [/stigforge/roles/rhel9_cis : Ensure the Default Umask is Set Correctly in /etc/profile - Ensure umask Is Set in /etc/profile if Not Already Set Elsewhere] ***
changed: [localhost]

TASK [/stigforge/roles/rhel9_cis : Ensure the Default Umask is Set Correctly in /etc/profile - Ensure umask Value For All Existing umask Definition in /etc/profile] ***
ok: [localhost]

TASK [/stigforge/roles/rhel9_cis : Set the file_groupowner_grub2_cfg_newgroup variable if represented by gid] ***
skipping: [localhost]

TASK [/stigforge/roles/rhel9_cis : Test for existence /boot/grub2/grub.cfg] ****
skipping: [localhost]

TASK [/stigforge/roles/rhel9_cis : Ensure group owner on /boot/grub2/grub.cfg] ***
skipping: [localhost]

TASK [/stigforge/roles/rhel9_cis : Set the file_groupowner_user_cfg_newgroup variable if represented by gid] ***
skipping: [localhost]

TASK [/stigforge/roles/rhel9_cis : Test for existence /boot/grub2/user.cfg] ****
skipping: [localhost]

TASK [/stigforge/roles/rhel9_cis : Ensure group owner on /boot/grub2/user.cfg] ***
skipping: [localhost]

TASK [/stigforge/roles/rhel9_cis : Set the file_owner_grub2_cfg_newown variable if represented by uid] ***
skipping: [localhost]

TASK [/stigforge/roles/rhel9_cis : Test for existence /boot/grub2/grub.cfg] ****
skipping: [localhost]

TASK [/stigforge/roles/rhel9_cis : Ensure owner on /boot/grub2/grub.cfg] *******
skipping: [localhost]

TASK [/stigforge/roles/rhel9_cis : Set the file_owner_user_cfg_newown variable if represented by uid] ***
skipping: [localhost]

TASK [/stigforge/roles/rhel9_cis : Test for existence /boot/grub2/user.cfg] ****
skipping: [localhost]

TASK [/stigforge/roles/rhel9_cis : Ensure owner on /boot/grub2/user.cfg] *******
skipping: [localhost]

TASK [/stigforge/roles/rhel9_cis : Test for existence /boot/grub2/grub.cfg] ****
skipping: [localhost]

TASK [/stigforge/roles/rhel9_cis : Ensure permission u-xs,g-xwrs,o-xwrt on /boot/grub2/grub.cfg] ***
skipping: [localhost]

TASK [/stigforge/roles/rhel9_cis : Test for existence /boot/grub2/user.cfg] ****
skipping: [localhost]

TASK [/stigforge/roles/rhel9_cis : Ensure permission u-xs,g-xwrs,o-xwrt on /boot/grub2/user.cfg] ***
skipping: [localhost]

TASK [/stigforge/roles/rhel9_cis : Ensure Log Files Are Owned By Appropriate Group - Set rsyslog logfile configuration facts] ***
skipping: [localhost]

TASK [/stigforge/roles/rhel9_cis : Ensure Log Files Are Owned By Appropriate Group - Get IncludeConfig directive] ***
skipping: [localhost]

TASK [/stigforge/roles/rhel9_cis : Ensure Log Files Are Owned By Appropriate Group - Get include files directives] ***
skipping: [localhost]

TASK [/stigforge/roles/rhel9_cis : Ensure Log Files Are Owned By Appropriate Group - Aggregate rsyslog includes] ***
skipping: [localhost]

TASK [/stigforge/roles/rhel9_cis : Ensure Log Files Are Owned By Appropriate Group - List all config files] ***
skipping: [localhost]

TASK [/stigforge/roles/rhel9_cis : Ensure Log Files Are Owned By Appropriate Group - Extract log files old format] ***
skipping: [localhost]

TASK [/stigforge/roles/rhel9_cis : Ensure Log Files Are Owned By Appropriate Group - Extract log files new format] ***
skipping: [localhost]

TASK [/stigforge/roles/rhel9_cis : Ensure Log Files Are Owned By Appropriate Group - Sum all log files found] ***
skipping: [localhost]

TASK [/stigforge/roles/rhel9_cis : Ensure Log Files Are Owned By Appropriate Group -Setup log files attribute] ***
skipping: [localhost]

TASK [/stigforge/roles/rhel9_cis : Ensure Log Files Are Owned By Appropriate User - Set rsyslog logfile configuration facts] ***
skipping: [localhost]

TASK [/stigforge/roles/rhel9_cis : Ensure Log Files Are Owned By Appropriate User - Get IncludeConfig directive] ***
skipping: [localhost]

TASK [/stigforge/roles/rhel9_cis : Ensure Log Files Are Owned By Appropriate User - Get include files directives] ***
skipping: [localhost]

TASK [/stigforge/roles/rhel9_cis : Ensure Log Files Are Owned By Appropriate User - Aggregate rsyslog includes] ***
skipping: [localhost]

TASK [/stigforge/roles/rhel9_cis : Ensure Log Files Are Owned By Appropriate User - List all config files] ***
skipping: [localhost]

TASK [/stigforge/roles/rhel9_cis : Ensure Log Files Are Owned By Appropriate User - Extract log files old format] ***
skipping: [localhost]

TASK [/stigforge/roles/rhel9_cis : Ensure Log Files Are Owned By Appropriate User - Extract log files new format] ***
skipping: [localhost]

TASK [/stigforge/roles/rhel9_cis : Ensure Log Files Are Owned By Appropriate User - Sum all log files found] ***
skipping: [localhost]

TASK [/stigforge/roles/rhel9_cis : Ensure Log Files Are Owned By Appropriate User -Setup log files attribute] ***
skipping: [localhost]

TASK [/stigforge/roles/rhel9_cis : Ensure System Log Files Have Correct Permissions - Set rsyslog logfile configuration facts] ***
skipping: [localhost]

TASK [/stigforge/roles/rhel9_cis : Ensure System Log Files Have Correct Permissions - Get IncludeConfig directive] ***
skipping: [localhost]

TASK [/stigforge/roles/rhel9_cis : Ensure System Log Files Have Correct Permissions - Get include files directives] ***
skipping: [localhost]

TASK [/stigforge/roles/rhel9_cis : Ensure System Log Files Have Correct Permissions - Aggregate rsyslog includes] ***
skipping: [localhost]

TASK [/stigforge/roles/rhel9_cis : Ensure System Log Files Have Correct Permissions - List all config files] ***
skipping: [localhost]

TASK [/stigforge/roles/rhel9_cis : Ensure System Log Files Have Correct Permissions - Extract log files old format] ***
skipping: [localhost]

TASK [/stigforge/roles/rhel9_cis : Ensure System Log Files Have Correct Permissions - Extract log files new format] ***
skipping: [localhost]

TASK [/stigforge/roles/rhel9_cis : Ensure System Log Files Have Correct Permissions - Sum all log files found] ***
skipping: [localhost]

TASK [/stigforge/roles/rhel9_cis : Ensure System Log Files Have Correct Permissions -Setup log files attribute] ***
skipping: [localhost]

TASK [/stigforge/roles/rhel9_cis : Ensure journald is configured to compress large log files - Search for a section in files] ***
skipping: [localhost] => (item={'path': '/etc/systemd', 'pattern': 'journald\\.conf'}) 
skipping: [localhost] => (item={'path': '/etc/systemd/journald.conf.d', 'pattern': '.*\\.conf'}) 
skipping: [localhost]

TASK [/stigforge/roles/rhel9_cis : Ensure journald is configured to compress large log files - Count number of files which contain the correct section] ***
skipping: [localhost]

TASK [/stigforge/roles/rhel9_cis : Ensure journald is configured to compress large log files - Add missing configuration to correct section] ***
skipping: [localhost]

TASK [/stigforge/roles/rhel9_cis : Ensure journald is configured to compress large log files - Add configuration to new remediation file] ***
skipping: [localhost]

TASK [/stigforge/roles/rhel9_cis : Ensure journald is configured to write log files to persistent disk - Search for a section in files] ***
skipping: [localhost] => (item={'path': '/etc/systemd', 'pattern': 'journald\\.conf'}) 
skipping: [localhost] => (item={'path': '/etc/systemd/journald.conf.d', 'pattern': '.*\\.conf'}) 
skipping: [localhost]

TASK [/stigforge/roles/rhel9_cis : Ensure journald is configured to write log files to persistent disk - Count number of files which contain the correct section] ***
skipping: [localhost]

TASK [/stigforge/roles/rhel9_cis : Ensure journald is configured to write log files to persistent disk - Add missing configuration to correct section] ***
skipping: [localhost]

TASK [/stigforge/roles/rhel9_cis : Ensure journald is configured to write log files to persistent disk - Add configuration to new remediation file] ***
skipping: [localhost]

TASK [/stigforge/roles/rhel9_cis : Disable systemd-journal-remote Socket - Collect systemd Socket Units Present in the System] ***
skipping: [localhost]

TASK [/stigforge/roles/rhel9_cis : Disable systemd-journal-remote Socket - Ensure systemd-journal-remote.socket is Masked] ***
skipping: [localhost]

TASK [/stigforge/roles/rhel9_cis : Configure Firewalld to Restrict Loopback Traffic - Ensure firewalld trusted Zone Restricts IPv4 Loopback Traffic] ***
skipping: [localhost]

TASK [/stigforge/roles/rhel9_cis : Configure Firewalld to Restrict Loopback Traffic - Ensure firewalld trusted Zone Restricts IPv6 Loopback Traffic] ***
skipping: [localhost]

TASK [/stigforge/roles/rhel9_cis : Configure Firewalld to Restrict Loopback Traffic - Ensure firewalld Changes are Applied] ***
skipping: [localhost]

TASK [/stigforge/roles/rhel9_cis : Configure Firewalld to Restrict Loopback Traffic - Informative Message Based on Service State] ***
skipping: [localhost]

TASK [/stigforge/roles/rhel9_cis : Configure Firewalld to Trust Loopback Traffic - Ensure firewalld trusted Zone Includes lo Interface] ***
skipping: [localhost]

TASK [/stigforge/roles/rhel9_cis : Configure Firewalld to Trust Loopback Traffic - Ensure firewalld Changes are Applied] ***
skipping: [localhost]

TASK [/stigforge/roles/rhel9_cis : Configure Firewalld to Trust Loopback Traffic - Informative Message Based on Service State] ***
skipping: [localhost]

TASK [/stigforge/roles/rhel9_cis : List /etc/sysctl.d/*.conf files] ************
skipping: [localhost]

TASK [/stigforge/roles/rhel9_cis : Comment out any occurrences of net.ipv6.conf.all.accept_ra from config files] ***
skipping: [localhost]

TASK [/stigforge/roles/rhel9_cis : Ensure sysctl net.ipv6.conf.all.accept_ra is set] ***
skipping: [localhost]

TASK [/stigforge/roles/rhel9_cis : List /etc/sysctl.d/*.conf files] ************
skipping: [localhost]

TASK [/stigforge/roles/rhel9_cis : Comment out any occurrences of net.ipv6.conf.all.accept_redirects from config files] ***
skipping: [localhost]

TASK [/stigforge/roles/rhel9_cis : Ensure sysctl net.ipv6.conf.all.accept_redirects is set] ***
skipping: [localhost]

TASK [/stigforge/roles/rhel9_cis : List /etc/sysctl.d/*.conf files] ************
skipping: [localhost]

TASK [/stigforge/roles/rhel9_cis : Comment out any occurrences of net.ipv6.conf.all.accept_source_route from config files] ***
skipping: [localhost]

TASK [/stigforge/roles/rhel9_cis : Ensure sysctl net.ipv6.conf.all.accept_source_route is set] ***
skipping: [localhost]

TASK [/stigforge/roles/rhel9_cis : List /etc/sysctl.d/*.conf files] ************
skipping: [localhost]

TASK [/stigforge/roles/rhel9_cis : Comment out any occurrences of net.ipv6.conf.all.forwarding from config files] ***
skipping: [localhost]

TASK [/stigforge/roles/rhel9_cis : Ensure sysctl net.ipv6.conf.all.forwarding is set] ***
skipping: [localhost]

TASK [/stigforge/roles/rhel9_cis : List /etc/sysctl.d/*.conf files] ************
skipping: [localhost]

TASK [/stigforge/roles/rhel9_cis : Comment out any occurrences of net.ipv6.conf.default.accept_ra from config files] ***
skipping: [localhost]

TASK [/stigforge/roles/rhel9_cis : Ensure sysctl net.ipv6.conf.default.accept_ra is set] ***
skipping: [localhost]

TASK [/stigforge/roles/rhel9_cis : List /etc/sysctl.d/*.conf files] ************
skipping: [localhost]

TASK [/stigforge/roles/rhel9_cis : Comment out any occurrences of net.ipv6.conf.default.accept_redirects from config files] ***
skipping: [localhost]

TASK [/stigforge/roles/rhel9_cis : Ensure sysctl net.ipv6.conf.default.accept_redirects is set] ***
skipping: [localhost]

TASK [/stigforge/roles/rhel9_cis : List /etc/sysctl.d/*.conf files] ************
skipping: [localhost]

TASK [/stigforge/roles/rhel9_cis : Comment out any occurrences of net.ipv6.conf.default.accept_source_route from config files] ***
skipping: [localhost]

TASK [/stigforge/roles/rhel9_cis : Ensure sysctl net.ipv6.conf.default.accept_source_route is set] ***
skipping: [localhost]

TASK [/stigforge/roles/rhel9_cis : List /etc/sysctl.d/*.conf files] ************
skipping: [localhost]

TASK [/stigforge/roles/rhel9_cis : Comment out any occurrences of net.ipv4.conf.all.accept_redirects from config files] ***
skipping: [localhost]

TASK [/stigforge/roles/rhel9_cis : Ensure sysctl net.ipv4.conf.all.accept_redirects is set] ***
skipping: [localhost]

TASK [/stigforge/roles/rhel9_cis : List /etc/sysctl.d/*.conf files] ************
skipping: [localhost]

TASK [/stigforge/roles/rhel9_cis : Comment out any occurrences of net.ipv4.conf.all.accept_source_route from config files] ***
skipping: [localhost]

TASK [/stigforge/roles/rhel9_cis : Ensure sysctl net.ipv4.conf.all.accept_source_route is set] ***
skipping: [localhost]

TASK [/stigforge/roles/rhel9_cis : List /etc/sysctl.d/*.conf files] ************
skipping: [localhost]

TASK [/stigforge/roles/rhel9_cis : Comment out any occurrences of net.ipv4.conf.all.log_martians from config files] ***
skipping: [localhost]

TASK [/stigforge/roles/rhel9_cis : Ensure sysctl net.ipv4.conf.all.log_martians is set] ***
skipping: [localhost]

TASK [/stigforge/roles/rhel9_cis : List /etc/sysctl.d/*.conf files] ************
skipping: [localhost]

TASK [/stigforge/roles/rhel9_cis : Comment out any occurrences of net.ipv4.conf.all.rp_filter from config files] ***
skipping: [localhost]

TASK [/stigforge/roles/rhel9_cis : Ensure sysctl net.ipv4.conf.all.rp_filter is set] ***
skipping: [localhost]

TASK [/stigforge/roles/rhel9_cis : List /etc/sysctl.d/*.conf files] ************
skipping: [localhost]

TASK [/stigforge/roles/rhel9_cis : Comment out any occurrences of net.ipv4.conf.all.secure_redirects from config files] ***
skipping: [localhost]

TASK [/stigforge/roles/rhel9_cis : Ensure sysctl net.ipv4.conf.all.secure_redirects is set] ***
skipping: [localhost]

TASK [/stigforge/roles/rhel9_cis : List /etc/sysctl.d/*.conf files] ************
skipping: [localhost]

TASK [/stigforge/roles/rhel9_cis : Comment out any occurrences of net.ipv4.conf.default.accept_redirects from config files] ***
skipping: [localhost]

TASK [/stigforge/roles/rhel9_cis : Ensure sysctl net.ipv4.conf.default.accept_redirects is set] ***
skipping: [localhost]

TASK [/stigforge/roles/rhel9_cis : List /etc/sysctl.d/*.conf files] ************
skipping: [localhost]

TASK [/stigforge/roles/rhel9_cis : Comment out any occurrences of net.ipv4.conf.default.accept_source_route from config files] ***
skipping: [localhost]

TASK [/stigforge/roles/rhel9_cis : Ensure sysctl net.ipv4.conf.default.accept_source_route is set] ***
skipping: [localhost]

TASK [/stigforge/roles/rhel9_cis : List /etc/sysctl.d/*.conf files] ************
skipping: [localhost]

TASK [/stigforge/roles/rhel9_cis : Comment out any occurrences of net.ipv4.conf.default.log_martians from config files] ***
skipping: [localhost]

TASK [/stigforge/roles/rhel9_cis : Ensure sysctl net.ipv4.conf.default.log_martians is set] ***
skipping: [localhost]

TASK [/stigforge/roles/rhel9_cis : List /etc/sysctl.d/*.conf files] ************
skipping: [localhost]

TASK [/stigforge/roles/rhel9_cis : Comment out any occurrences of net.ipv4.conf.default.rp_filter from config files] ***
skipping: [localhost]

TASK [/stigforge/roles/rhel9_cis : Ensure sysctl net.ipv4.conf.default.rp_filter is set] ***
skipping: [localhost]

TASK [/stigforge/roles/rhel9_cis : List /etc/sysctl.d/*.conf files] ************
skipping: [localhost]

TASK [/stigforge/roles/rhel9_cis : Comment out any occurrences of net.ipv4.conf.default.secure_redirects from config files] ***
skipping: [localhost]

TASK [/stigforge/roles/rhel9_cis : Ensure sysctl net.ipv4.conf.default.secure_redirects is set] ***
skipping: [localhost]

TASK [/stigforge/roles/rhel9_cis : List /etc/sysctl.d/*.conf files] ************
skipping: [localhost]

TASK [/stigforge/roles/rhel9_cis : Comment out any occurrences of net.ipv4.icmp_echo_ignore_broadcasts from config files] ***
skipping: [localhost]

TASK [/stigforge/roles/rhel9_cis : Ensure sysctl net.ipv4.icmp_echo_ignore_broadcasts is set] ***
skipping: [localhost]

TASK [/stigforge/roles/rhel9_cis : List /etc/sysctl.d/*.conf files] ************
skipping: [localhost]

TASK [/stigforge/roles/rhel9_cis : Comment out any occurrences of net.ipv4.icmp_ignore_bogus_error_responses from config files] ***
skipping: [localhost]

TASK [/stigforge/roles/rhel9_cis : Ensure sysctl net.ipv4.icmp_ignore_bogus_error_responses is set] ***
skipping: [localhost]

TASK [/stigforge/roles/rhel9_cis : List /etc/sysctl.d/*.conf files] ************
skipping: [localhost]

TASK [/stigforge/roles/rhel9_cis : Comment out any occurrences of net.ipv4.tcp_syncookies from config files] ***
skipping: [localhost]

TASK [/stigforge/roles/rhel9_cis : Ensure sysctl net.ipv4.tcp_syncookies is set] ***
skipping: [localhost]

TASK [/stigforge/roles/rhel9_cis : List /etc/sysctl.d/*.conf files] ************
skipping: [localhost]

TASK [/stigforge/roles/rhel9_cis : Comment out any occurrences of net.ipv4.conf.all.send_redirects from config files] ***
skipping: [localhost]

TASK [/stigforge/roles/rhel9_cis : Ensure sysctl net.ipv4.conf.all.send_redirects is set to 0] ***
skipping: [localhost]

TASK [/stigforge/roles/rhel9_cis : List /etc/sysctl.d/*.conf files] ************
skipping: [localhost]

TASK [/stigforge/roles/rhel9_cis : Comment out any occurrences of net.ipv4.conf.default.send_redirects from config files] ***
skipping: [localhost]

TASK [/stigforge/roles/rhel9_cis : Ensure sysctl net.ipv4.conf.default.send_redirects is set to 0] ***
skipping: [localhost]

TASK [/stigforge/roles/rhel9_cis : List /etc/sysctl.d/*.conf files] ************
skipping: [localhost]

TASK [/stigforge/roles/rhel9_cis : Comment out any occurrences of net.ipv4.ip_forward from config files] ***
skipping: [localhost]

TASK [/stigforge/roles/rhel9_cis : Ensure sysctl net.ipv4.ip_forward is set to 0] ***
skipping: [localhost]

TASK [/stigforge/roles/rhel9_cis : NetworkManager Deactivate Wireless Network Interfaces] ***
skipping: [localhost]

TASK [/stigforge/roles/rhel9_cis : Verify that All World-Writable Directories Have Sticky Bits Set - Define Excluded (Non-Local) File Systems and Paths] ***
ok: [localhost]

TASK [/stigforge/roles/rhel9_cis : Verify that All World-Writable Directories Have Sticky Bits Set - Find Relevant Root Directories Ignoring Pre-Defined Excluded Paths] ***
ok: [localhost]

TASK [/stigforge/roles/rhel9_cis : Verify that All World-Writable Directories Have Sticky Bits Set - Include Relevant Root Directories in a List of Paths to be Searched] ***
ok: [localhost] => (item={'path': '/opt', 'mode': '0755', 'isdir': True, 'ischr': False, 'isblk': False, 'isreg': False, 'isfifo': False, 'islnk': False, 'issock': False, 'uid': 0, 'gid': 0, 'size': 4096, 'inode': 11671799, 'dev': 114, 'nlink': 2, 'atime': 1785234444.6087408, 'mtime': 1652704127.0, 'ctime': 1785234444.5983684, 'gr_name': 'root', 'pw_name': 'root', 'wusr': True, 'rusr': True, 'xusr': True, 'wgrp': False, 'rgrp': True, 'xgrp': True, 'woth': False, 'roth': True, 'xoth': True, 'isuid': False, 'isgid': False})
ok: [localhost] => (item={'path': '/lost+found', 'mode': '0700', 'isdir': True, 'ischr': False, 'isblk': False, 'isreg': False, 'isfifo': False, 'islnk': False, 'issock': False, 'uid': 0, 'gid': 0, 'size': 4096, 'inode': 11671796, 'dev': 114, 'nlink': 2, 'atime': 1785234444.6087408, 'mtime': 1700432707.0, 'ctime': 1785234444.5983684, 'gr_name': 'root', 'pw_name': 'root', 'wusr': True, 'rusr': True, 'xusr': True, 'wgrp': False, 'rgrp': False, 'xgrp': False, 'woth': False, 'roth': False, 'xoth': False, 'isuid': False, 'isgid': False})
ok: [localhost] => (item={'path': '/usr', 'mode': '0755', 'isdir': True, 'ischr': False, 'isblk': False, 'isreg': False, 'isfifo': False, 'islnk': False, 'issock': False, 'uid': 0, 'gid': 0, 'size': 4096, 'inode': 14050143, 'dev': 114, 'nlink': 1, 'atime': 1785319215.0204036, 'mtime': 1700432719.0, 'ctime': 1785319218.425755, 'gr_name': 'root', 'pw_name': 'root', 'wusr': True, 'rusr': True, 'xusr': True, 'wgrp': False, 'rgrp': True, 'xgrp': True, 'woth': False, 'roth': True, 'xoth': True, 'isuid': False, 'isgid': False})
ok: [localhost] => (item={'path': '/tmp', 'mode': '1777', 'isdir': True, 'ischr': False, 'isblk': False, 'isreg': False, 'isfifo': False, 'islnk': False, 'issock': False, 'uid': 0, 'gid': 0, 'size': 4096, 'inode': 11671814, 'dev': 114, 'nlink': 1, 'atime': 1785319299.0503168, 'mtime': 1785319299.0483167, 'ctime': 1785319299.0483167, 'gr_name': 'root', 'pw_name': 'root', 'wusr': True, 'rusr': True, 'xusr': True, 'wgrp': True, 'rgrp': True, 'xgrp': True, 'woth': True, 'roth': True, 'xoth': True, 'isuid': False, 'isgid': False})
ok: [localhost] => (item={'path': '/root', 'mode': '0550', 'isdir': True, 'ischr': False, 'isblk': False, 'isreg': False, 'isfifo': False, 'islnk': False, 'issock': False, 'uid': 0, 'gid': 0, 'size': 4096, 'inode': 14050111, 'dev': 114, 'nlink': 1, 'atime': 1785319291.2801924, 'mtime': 1785319218.6240146, 'ctime': 1785319218.6240146, 'gr_name': 'root', 'pw_name': 'root', 'wusr': False, 'rusr': True, 'xusr': True, 'wgrp': False, 'rgrp': True, 'xgrp': True, 'woth': False, 'roth': False, 'xoth': False, 'isuid': False, 'isgid': False})
ok: [localhost] => (item={'path': '/home', 'mode': '0755', 'isdir': True, 'ischr': False, 'isblk': False, 'isreg': False, 'isfifo': False, 'islnk': False, 'issock': False, 'uid': 0, 'gid': 0, 'size': 4096, 'inode': 11671793, 'dev': 114, 'nlink': 2, 'atime': 1785234444.6087408, 'mtime': 1652704127.0, 'ctime': 1785234444.5983684, 'gr_name': 'root', 'pw_name': 'root', 'wusr': True, 'rusr': True, 'xusr': True, 'wgrp': False, 'rgrp': True, 'xgrp': True, 'woth': False, 'roth': True, 'xoth': True, 'isuid': False, 'isgid': False})
ok: [localhost] => (item={'path': '/mnt', 'mode': '0755', 'isdir': True, 'ischr': False, 'isblk': False, 'isreg': False, 'isfifo': False, 'islnk': False, 'issock': False, 'uid': 0, 'gid': 0, 'size': 4096, 'inode': 11671798, 'dev': 114, 'nlink': 2, 'atime': 1785234444.6087408, 'mtime': 1652704127.0, 'ctime': 1785234444.5983684, 'gr_name': 'root', 'pw_name': 'root', 'wusr': True, 'rusr': True, 'xusr': True, 'wgrp': False, 'rgrp': True, 'xgrp': True, 'woth': False, 'roth': True, 'xoth': True, 'isuid': False, 'isgid': False})
ok: [localhost] => (item={'path': '/var', 'mode': '0755', 'isdir': True, 'ischr': False, 'isblk': False, 'isreg': False, 'isfifo': False, 'islnk': False, 'issock': False, 'uid': 0, 'gid': 0, 'size': 4096, 'inode': 11940415, 'dev': 114, 'nlink': 1, 'atime': 1785234478.6311936, 'mtime': 1700432720.0, 'ctime': 1785319221.7621884, 'gr_name': 'root', 'pw_name': 'root', 'wusr': True, 'rusr': True, 'xusr': True, 'wgrp': False, 'rgrp': True, 'xgrp': True, 'woth': False, 'roth': True, 'xoth': True, 'isuid': False, 'isgid': False})
ok: [localhost] => (item={'path': '/afs', 'mode': '0555', 'isdir': True, 'ischr': False, 'isblk': False, 'isreg': False, 'isfifo': False, 'islnk': False, 'issock': False, 'uid': 0, 'gid': 0, 'size': 4096, 'inode': 11665752, 'dev': 114, 'nlink': 2, 'atime': 1785234444.6067407, 'mtime': 1652704127.0, 'ctime': 1785234444.5983684, 'gr_name': 'root', 'pw_name': 'root', 'wusr': False, 'rusr': True, 'xusr': True, 'wgrp': False, 'rgrp': True, 'xgrp': True, 'woth': False, 'roth': True, 'xoth': True, 'isuid': False, 'isgid': False})
ok: [localhost] => (item={'path': '/srv', 'mode': '0755', 'isdir': True, 'ischr': False, 'isblk': False, 'isreg': False, 'isfifo': False, 'islnk': False, 'issock': False, 'uid': 0, 'gid': 0, 'size': 4096, 'inode': 11671812, 'dev': 114, 'nlink': 2, 'atime': 1785234444.6087408, 'mtime': 1652704127.0, 'ctime': 1785234444.5983684, 'gr_name': 'root', 'pw_name': 'root', 'wusr': True, 'rusr': True, 'xusr': True, 'wgrp': False, 'rgrp': True, 'xgrp': True, 'woth': False, 'roth': True, 'xoth': True, 'isuid': False, 'isgid': False})
ok: [localhost] => (item={'path': '/etc', 'mode': '0755', 'isdir': True, 'ischr': False, 'isblk': False, 'isreg': False, 'isfifo': False, 'islnk': False, 'issock': False, 'uid': 0, 'gid': 0, 'size': 4096, 'inode': 14050186, 'dev': 114, 'nlink': 1, 'atime': 1785319291.2811925, 'mtime': 1785319295.0922341, 'ctime': 1785319295.0922341, 'gr_name': 'root', 'pw_name': 'root', 'wusr': True, 'rusr': True, 'xusr': True, 'wgrp': False, 'rgrp': True, 'xgrp': True, 'woth': False, 'roth': True, 'xoth': True, 'isuid': False, 'isgid': False})
ok: [localhost] => (item={'path': '/media', 'mode': '0755', 'isdir': True, 'ischr': False, 'isblk': False, 'isreg': False, 'isfifo': False, 'islnk': False, 'issock': False, 'uid': 0, 'gid': 0, 'size': 4096, 'inode': 11671797, 'dev': 114, 'nlink': 2, 'atime': 1785234444.6087408, 'mtime': 1652704127.0, 'ctime': 1785234444.5983684, 'gr_name': 'root', 'pw_name': 'root', 'wusr': True, 'rusr': True, 'xusr': True, 'wgrp': False, 'rgrp': True, 'xgrp': True, 'woth': False, 'roth': True, 'xoth': True, 'isuid': False, 'isgid': False})
ok: [localhost] => (item={'path': '/stigforge', 'mode': '0755', 'isdir': True, 'ischr': False, 'isblk': False, 'isreg': False, 'isfifo': False, 'islnk': False, 'issock': False, 'uid': 0, 'gid': 0, 'size': 4096, 'inode': 14050135, 'dev': 114, 'nlink': 1, 'atime': 1785319216.5339801, 'mtime': 1785319216.4542525, 'ctime': 1785319218.0580053, 'gr_name': 'root', 'pw_name': 'root', 'wusr': True, 'rusr': True, 'xusr': True, 'wgrp': False, 'rgrp': True, 'xgrp': True, 'woth': False, 'roth': True, 'xoth': True, 'isuid': False, 'isgid': False})

TASK [/stigforge/roles/rhel9_cis : Verify that All World-Writable Directories Have Sticky Bits Set - Increment Search Paths List with Local Partitions Mount Points] ***
ok: [localhost] => (item={'mount': '/stigforge/pyproject.toml', 'device': '/dev/nvme0n1p2', 'fstype': 'ext4', 'options': 'ro,relatime,bind', 'dump': 0, 'passno': 0, 'size_total': 1005867986944, 'size_available': 590902509568, 'block_size': 4096, 'block_total': 245573239, 'block_available': 144263308, 'block_used': 101309931, 'inode_total': 62447616, 'inode_available': 61241749, 'inode_used': 1205867, 'uuid': 'N/A'})
ok: [localhost] => (item={'mount': '/stigforge/artifacts', 'device': '/dev/nvme0n1p2', 'fstype': 'ext4', 'options': 'rw,relatime,bind', 'dump': 0, 'passno': 0, 'size_total': 1005867986944, 'size_available': 590902509568, 'block_size': 4096, 'block_total': 245573239, 'block_available': 144263308, 'block_used': 101309931, 'inode_total': 62447616, 'inode_available': 61241749, 'inode_used': 1205867, 'uuid': 'N/A'})
ok: [localhost] => (item={'mount': '/stigforge/roles', 'device': '/dev/nvme0n1p2', 'fstype': 'ext4', 'options': 'ro,relatime,bind', 'dump': 0, 'passno': 0, 'size_total': 1005867986944, 'size_available': 590902505472, 'block_size': 4096, 'block_total': 245573239, 'block_available': 144263307, 'block_used': 101309932, 'inode_total': 62447616, 'inode_available': 61241749, 'inode_used': 1205867, 'uuid': 'N/A'})
ok: [localhost] => (item={'mount': '/stigforge/policy', 'device': '/dev/nvme0n1p2', 'fstype': 'ext4', 'options': 'ro,relatime,bind', 'dump': 0, 'passno': 0, 'size_total': 1005867986944, 'size_available': 590902505472, 'block_size': 4096, 'block_total': 245573239, 'block_available': 144263307, 'block_used': 101309932, 'inode_total': 62447616, 'inode_available': 61241749, 'inode_used': 1205867, 'uuid': 'N/A'})
ok: [localhost] => (item={'mount': '/stigforge/generator', 'device': '/dev/nvme0n1p2', 'fstype': 'ext4', 'options': 'ro,relatime,bind', 'dump': 0, 'passno': 0, 'size_total': 1005867986944, 'size_available': 590902509568, 'block_size': 4096, 'block_total': 245573239, 'block_available': 144263308, 'block_used': 101309931, 'inode_total': 62447616, 'inode_available': 61241749, 'inode_used': 1205867, 'uuid': 'N/A'})
ok: [localhost] => (item={'mount': '/etc/resolv.conf', 'device': '/dev/nvme0n1p2', 'fstype': 'ext4', 'options': 'rw,relatime,bind', 'dump': 0, 'passno': 0, 'size_total': 1005867986944, 'size_available': 590902509568, 'block_size': 4096, 'block_total': 245573239, 'block_available': 144263308, 'block_used': 101309931, 'inode_total': 62447616, 'inode_available': 61241749, 'inode_used': 1205867, 'uuid': 'N/A'})
ok: [localhost] => (item={'mount': '/etc/hostname', 'device': '/dev/nvme0n1p2', 'fstype': 'ext4', 'options': 'rw,relatime,bind', 'dump': 0, 'passno': 0, 'size_total': 1005867986944, 'size_available': 590902513664, 'block_size': 4096, 'block_total': 245573239, 'block_available': 144263309, 'block_used': 101309930, 'inode_total': 62447616, 'inode_available': 61241750, 'inode_used': 1205866, 'uuid': 'N/A'})
ok: [localhost] => (item={'mount': '/etc/hosts', 'device': '/dev/nvme0n1p2', 'fstype': 'ext4', 'options': 'rw,relatime,bind', 'dump': 0, 'passno': 0, 'size_total': 1005867986944, 'size_available': 590902513664, 'block_size': 4096, 'block_total': 245573239, 'block_available': 144263309, 'block_used': 101309930, 'inode_total': 62447616, 'inode_available': 61241749, 'inode_used': 1205867, 'uuid': 'N/A'})

TASK [/stigforge/roles/rhel9_cis : Verify that All World-Writable Directories Have Sticky Bits Set - Increment Search Paths List with Local NFS File System Targets] ***
skipping: [localhost] => (item={'mount': '/stigforge/pyproject.toml', 'device': '/dev/nvme0n1p2', 'fstype': 'ext4', 'options': 'ro,relatime,bind', 'dump': 0, 'passno': 0, 'size_total': 1005867986944, 'size_available': 590902509568, 'block_size': 4096, 'block_total': 245573239, 'block_available': 144263308, 'block_used': 101309931, 'inode_total': 62447616, 'inode_available': 61241749, 'inode_used': 1205867, 'uuid': 'N/A'}) 
skipping: [localhost] => (item={'mount': '/stigforge/artifacts', 'device': '/dev/nvme0n1p2', 'fstype': 'ext4', 'options': 'rw,relatime,bind', 'dump': 0, 'passno': 0, 'size_total': 1005867986944, 'size_available': 590902509568, 'block_size': 4096, 'block_total': 245573239, 'block_available': 144263308, 'block_used': 101309931, 'inode_total': 62447616, 'inode_available': 61241749, 'inode_used': 1205867, 'uuid': 'N/A'}) 
skipping: [localhost] => (item={'mount': '/stigforge/roles', 'device': '/dev/nvme0n1p2', 'fstype': 'ext4', 'options': 'ro,relatime,bind', 'dump': 0, 'passno': 0, 'size_total': 1005867986944, 'size_available': 590902505472, 'block_size': 4096, 'block_total': 245573239, 'block_available': 144263307, 'block_used': 101309932, 'inode_total': 62447616, 'inode_available': 61241749, 'inode_used': 1205867, 'uuid': 'N/A'}) 
skipping: [localhost] => (item={'mount': '/stigforge/policy', 'device': '/dev/nvme0n1p2', 'fstype': 'ext4', 'options': 'ro,relatime,bind', 'dump': 0, 'passno': 0, 'size_total': 1005867986944, 'size_available': 590902505472, 'block_size': 4096, 'block_total': 245573239, 'block_available': 144263307, 'block_used': 101309932, 'inode_total': 62447616, 'inode_available': 61241749, 'inode_used': 1205867, 'uuid': 'N/A'}) 
skipping: [localhost] => (item={'mount': '/stigforge/generator', 'device': '/dev/nvme0n1p2', 'fstype': 'ext4', 'options': 'ro,relatime,bind', 'dump': 0, 'passno': 0, 'size_total': 1005867986944, 'size_available': 590902509568, 'block_size': 4096, 'block_total': 245573239, 'block_available': 144263308, 'block_used': 101309931, 'inode_total': 62447616, 'inode_available': 61241749, 'inode_used': 1205867, 'uuid': 'N/A'}) 
skipping: [localhost] => (item={'mount': '/etc/resolv.conf', 'device': '/dev/nvme0n1p2', 'fstype': 'ext4', 'options': 'rw,relatime,bind', 'dump': 0, 'passno': 0, 'size_total': 1005867986944, 'size_available': 590902509568, 'block_size': 4096, 'block_total': 245573239, 'block_available': 144263308, 'block_used': 101309931, 'inode_total': 62447616, 'inode_available': 61241749, 'inode_used': 1205867, 'uuid': 'N/A'}) 
skipping: [localhost] => (item={'mount': '/etc/hostname', 'device': '/dev/nvme0n1p2', 'fstype': 'ext4', 'options': 'rw,relatime,bind', 'dump': 0, 'passno': 0, 'size_total': 1005867986944, 'size_available': 590902513664, 'block_size': 4096, 'block_total': 245573239, 'block_available': 144263309, 'block_used': 101309930, 'inode_total': 62447616, 'inode_available': 61241750, 'inode_used': 1205866, 'uuid': 'N/A'}) 
skipping: [localhost] => (item={'mount': '/etc/hosts', 'device': '/dev/nvme0n1p2', 'fstype': 'ext4', 'options': 'rw,relatime,bind', 'dump': 0, 'passno': 0, 'size_total': 1005867986944, 'size_available': 590902513664, 'block_size': 4096, 'block_total': 245573239, 'block_available': 144263309, 'block_used': 101309930, 'inode_total': 62447616, 'inode_available': 61241749, 'inode_used': 1205867, 'uuid': 'N/A'}) 
skipping: [localhost]

TASK [/stigforge/roles/rhel9_cis : Verify that All World-Writable Directories Have Sticky Bits Set - Define Rule Specific Facts] ***
ok: [localhost]

TASK [/stigforge/roles/rhel9_cis : Verify that All World-Writable Directories Have Sticky Bits Set - Find All Uncompliant Directories in Local File Systems] ***
ok: [localhost] => (item=/root)
ok: [localhost] => (item=/srv)
ok: [localhost] => (item=/home)
ok: [localhost] => (item=/stigforge)
ok: [localhost] => (item=/media)
ok: [localhost] => (item=/opt)
ok: [localhost] => (item=/var)
ok: [localhost] => (item=/tmp)
ok: [localhost] => (item=/stigforge/policy)
ok: [localhost] => (item=/stigforge/artifacts)
ok: [localhost] => (item=/etc)
ok: [localhost] => (item=/lost+found)
ok: [localhost] => (item=/mnt)
ok: [localhost] => (item=/etc/hosts)
ok: [localhost] => (item=/stigforge/roles)
ok: [localhost] => (item=/etc/resolv.conf)
ok: [localhost] => (item=/afs)
ok: [localhost] => (item=/stigforge/pyproject.toml)
ok: [localhost] => (item=/usr)
ok: [localhost] => (item=/stigforge/generator)
ok: [localhost] => (item=/etc/hostname)

TASK [/stigforge/roles/rhel9_cis : Verify that All World-Writable Directories Have Sticky Bits Set - Create List of World Writable Directories Without Sticky Bit] ***
ok: [localhost] => (item={'changed': False, 'stdout': '', 'stderr': '', 'rc': 0, 'cmd': ['find', '/root', '-xdev', '-type', 'd', '(', '-perm', '-0002', '-a', '!', '-perm', '-1000', ')'], 'start': '2026-07-29 10:01:39.489183', 'end': '2026-07-29 10:01:39.491832', 'delta': '0:00:00.002649', 'msg': '', 'invocation': {'module_args': {'_raw_params': 'find /root -xdev -type d ( -perm -0002 -a ! -perm -1000 )', '_uses_shell': False, 'expand_argument_vars': True, 'stdin_add_newline': True, 'strip_empty_ends': True, 'argv': None, 'chdir': None, 'executable': None, 'creates': None, 'removes': None, 'stdin': None}}, 'stdout_lines': [], 'stderr_lines': [], 'failed': False, 'item': '/root', 'ansible_loop_var': 'item'})
ok: [localhost] => (item={'changed': False, 'stdout': '', 'stderr': '', 'rc': 0, 'cmd': ['find', '/srv', '-xdev', '-type', 'd', '(', '-perm', '-0002', '-a', '!', '-perm', '-1000', ')'], 'start': '2026-07-29 10:01:39.621381', 'end': '2026-07-29 10:01:39.624104', 'delta': '0:00:00.002723', 'msg': '', 'invocation': {'module_args': {'_raw_params': 'find /srv -xdev -type d ( -perm -0002 -a ! -perm -1000 )', '_uses_shell': False, 'expand_argument_vars': True, 'stdin_add_newline': True, 'strip_empty_ends': True, 'argv': None, 'chdir': None, 'executable': None, 'creates': None, 'removes': None, 'stdin': None}}, 'stdout_lines': [], 'stderr_lines': [], 'failed': False, 'item': '/srv', 'ansible_loop_var': 'item'})
ok: [localhost] => (item={'changed': False, 'stdout': '', 'stderr': '', 'rc': 0, 'cmd': ['find', '/home', '-xdev', '-type', 'd', '(', '-perm', '-0002', '-a', '!', '-perm', '-1000', ')'], 'start': '2026-07-29 10:01:39.755718', 'end': '2026-07-29 10:01:39.758570', 'delta': '0:00:00.002852', 'msg': '', 'invocation': {'module_args': {'_raw_params': 'find /home -xdev -type d ( -perm -0002 -a ! -perm -1000 )', '_uses_shell': False, 'expand_argument_vars': True, 'stdin_add_newline': True, 'strip_empty_ends': True, 'argv': None, 'chdir': None, 'executable': None, 'creates': None, 'removes': None, 'stdin': None}}, 'stdout_lines': [], 'stderr_lines': [], 'failed': False, 'item': '/home', 'ansible_loop_var': 'item'})
ok: [localhost] => (item={'changed': False, 'stdout': '', 'stderr': '', 'rc': 0, 'cmd': ['find', '/stigforge', '-xdev', '-type', 'd', '(', '-perm', '-0002', '-a', '!', '-perm', '-1000', ')'], 'start': '2026-07-29 10:01:39.889844', 'end': '2026-07-29 10:01:39.892774', 'delta': '0:00:00.002930', 'msg': '', 'invocation': {'module_args': {'_raw_params': 'find /stigforge -xdev -type d ( -perm -0002 -a ! -perm -1000 )', '_uses_shell': False, 'expand_argument_vars': True, 'stdin_add_newline': True, 'strip_empty_ends': True, 'argv': None, 'chdir': None, 'executable': None, 'creates': None, 'removes': None, 'stdin': None}}, 'stdout_lines': [], 'stderr_lines': [], 'failed': False, 'item': '/stigforge', 'ansible_loop_var': 'item'})
ok: [localhost] => (item={'changed': False, 'stdout': '', 'stderr': '', 'rc': 0, 'cmd': ['find', '/media', '-xdev', '-type', 'd', '(', '-perm', '-0002', '-a', '!', '-perm', '-1000', ')'], 'start': '2026-07-29 10:01:40.028418', 'end': '2026-07-29 10:01:40.030976', 'delta': '0:00:00.002558', 'msg': '', 'invocation': {'module_args': {'_raw_params': 'find /media -xdev -type d ( -perm -0002 -a ! -perm -1000 )', '_uses_shell': False, 'expand_argument_vars': True, 'stdin_add_newline': True, 'strip_empty_ends': True, 'argv': None, 'chdir': None, 'executable': None, 'creates': None, 'removes': None, 'stdin': None}}, 'stdout_lines': [], 'stderr_lines': [], 'failed': False, 'item': '/media', 'ansible_loop_var': 'item'})
ok: [localhost] => (item={'changed': False, 'stdout': '', 'stderr': '', 'rc': 0, 'cmd': ['find', '/opt', '-xdev', '-type', 'd', '(', '-perm', '-0002', '-a', '!', '-perm', '-1000', ')'], 'start': '2026-07-29 10:01:40.164901', 'end': '2026-07-29 10:01:40.167649', 'delta': '0:00:00.002748', 'msg': '', 'invocation': {'module_args': {'_raw_params': 'find /opt -xdev -type d ( -perm -0002 -a ! -perm -1000 )', '_uses_shell': False, 'expand_argument_vars': True, 'stdin_add_newline': True, 'strip_empty_ends': True, 'argv': None, 'chdir': None, 'executable': None, 'creates': None, 'removes': None, 'stdin': None}}, 'stdout_lines': [], 'stderr_lines': [], 'failed': False, 'item': '/opt', 'ansible_loop_var': 'item'})
ok: [localhost] => (item={'changed': False, 'stdout': '', 'stderr': '', 'rc': 0, 'cmd': ['find', '/var', '-xdev', '-type', 'd', '(', '-perm', '-0002', '-a', '!', '-perm', '-1000', ')'], 'start': '2026-07-29 10:01:40.302487', 'end': '2026-07-29 10:01:40.306425', 'delta': '0:00:00.003938', 'msg': '', 'invocation': {'module_args': {'_raw_params': 'find /var -xdev -type d ( -perm -0002 -a ! -perm -1000 )', '_uses_shell': False, 'expand_argument_vars': True, 'stdin_add_newline': True, 'strip_empty_ends': True, 'argv': None, 'chdir': None, 'executable': None, 'creates': None, 'removes': None, 'stdin': None}}, 'stdout_lines': [], 'stderr_lines': [], 'failed': False, 'item': '/var', 'ansible_loop_var': 'item'})
ok: [localhost] => (item={'changed': False, 'stdout': '', 'stderr': '', 'rc': 0, 'cmd': ['find', '/tmp', '-xdev', '-type', 'd', '(', '-perm', '-0002', '-a', '!', '-perm', '-1000', ')'], 'start': '2026-07-29 10:01:40.452812', 'end': '2026-07-29 10:01:40.455798', 'delta': '0:00:00.002986', 'msg': '', 'invocation': {'module_args': {'_raw_params': 'find /tmp -xdev -type d ( -perm -0002 -a ! -perm -1000 )', '_uses_shell': False, 'expand_argument_vars': True, 'stdin_add_newline': True, 'strip_empty_ends': True, 'argv': None, 'chdir': None, 'executable': None, 'creates': None, 'removes': None, 'stdin': None}}, 'stdout_lines': [], 'stderr_lines': [], 'failed': False, 'item': '/tmp', 'ansible_loop_var': 'item'})
ok: [localhost] => (item={'changed': False, 'stdout': '', 'stderr': '', 'rc': 0, 'cmd': ['find', '/stigforge/policy', '-xdev', '-type', 'd', '(', '-perm', '-0002', '-a', '!', '-perm', '-1000', ')'], 'start': '2026-07-29 10:01:40.596066', 'end': '2026-07-29 10:01:40.598735', 'delta': '0:00:00.002669', 'msg': '', 'invocation': {'module_args': {'_raw_params': 'find /stigforge/policy -xdev -type d ( -perm -0002 -a ! -perm -1000 )', '_uses_shell': False, 'expand_argument_vars': True, 'stdin_add_newline': True, 'strip_empty_ends': True, 'argv': None, 'chdir': None, 'executable': None, 'creates': None, 'removes': None, 'stdin': None}}, 'stdout_lines': [], 'stderr_lines': [], 'failed': False, 'item': '/stigforge/policy', 'ansible_loop_var': 'item'})
ok: [localhost] => (item={'changed': False, 'stdout': '', 'stderr': '', 'rc': 0, 'cmd': ['find', '/stigforge/artifacts', '-xdev', '-type', 'd', '(', '-perm', '-0002', '-a', '!', '-perm', '-1000', ')'], 'start': '2026-07-29 10:01:40.737318', 'end': '2026-07-29 10:01:40.739743', 'delta': '0:00:00.002425', 'msg': '', 'invocation': {'module_args': {'_raw_params': 'find /stigforge/artifacts -xdev -type d ( -perm -0002 -a ! -perm -1000 )', '_uses_shell': False, 'expand_argument_vars': True, 'stdin_add_newline': True, 'strip_empty_ends': True, 'argv': None, 'chdir': None, 'executable': None, 'creates': None, 'removes': None, 'stdin': None}}, 'stdout_lines': [], 'stderr_lines': [], 'failed': False, 'item': '/stigforge/artifacts', 'ansible_loop_var': 'item'})
ok: [localhost] => (item={'changed': False, 'stdout': '', 'stderr': '', 'rc': 0, 'cmd': ['find', '/etc', '-xdev', '-type', 'd', '(', '-perm', '-0002', '-a', '!', '-perm', '-1000', ')'], 'start': '2026-07-29 10:01:40.870814', 'end': '2026-07-29 10:01:40.874897', 'delta': '0:00:00.004083', 'msg': '', 'invocation': {'module_args': {'_raw_params': 'find /etc -xdev -type d ( -perm -0002 -a ! -perm -1000 )', '_uses_shell': False, 'expand_argument_vars': True, 'stdin_add_newline': True, 'strip_empty_ends': True, 'argv': None, 'chdir': None, 'executable': None, 'creates': None, 'removes': None, 'stdin': None}}, 'stdout_lines': [], 'stderr_lines': [], 'failed': False, 'item': '/etc', 'ansible_loop_var': 'item'})
ok: [localhost] => (item={'changed': False, 'stdout': '', 'stderr': '', 'rc': 0, 'cmd': ['find', '/lost+found', '-xdev', '-type', 'd', '(', '-perm', '-0002', '-a', '!', '-perm', '-1000', ')'], 'start': '2026-07-29 10:01:41.032016', 'end': '2026-07-29 10:01:41.035033', 'delta': '0:00:00.003017', 'msg': '', 'invocation': {'module_args': {'_raw_params': 'find /lost+found -xdev -type d ( -perm -0002 -a ! -perm -1000 )', '_uses_shell': False, 'expand_argument_vars': True, 'stdin_add_newline': True, 'strip_empty_ends': True, 'argv': None, 'chdir': None, 'executable': None, 'creates': None, 'removes': None, 'stdin': None}}, 'stdout_lines': [], 'stderr_lines': [], 'failed': False, 'item': '/lost+found', 'ansible_loop_var': 'item'})
ok: [localhost] => (item={'changed': False, 'stdout': '', 'stderr': '', 'rc': 0, 'cmd': ['find', '/mnt', '-xdev', '-type', 'd', '(', '-perm', '-0002', '-a', '!', '-perm', '-1000', ')'], 'start': '2026-07-29 10:01:41.170041', 'end': '2026-07-29 10:01:41.172703', 'delta': '0:00:00.002662', 'msg': '', 'invocation': {'module_args': {'_raw_params': 'find /mnt -xdev -type d ( -perm -0002 -a ! -perm -1000 )', '_uses_shell': False, 'expand_argument_vars': True, 'stdin_add_newline': True, 'strip_empty_ends': True, 'argv': None, 'chdir': None, 'executable': None, 'creates': None, 'removes': None, 'stdin': None}}, 'stdout_lines': [], 'stderr_lines': [], 'failed': False, 'item': '/mnt', 'ansible_loop_var': 'item'})
ok: [localhost] => (item={'changed': False, 'stdout': '', 'stderr': '', 'rc': 0, 'cmd': ['find', '/etc/hosts', '-xdev', '-type', 'd', '(', '-perm', '-0002', '-a', '!', '-perm', '-1000', ')'], 'start': '2026-07-29 10:01:41.306940', 'end': '2026-07-29 10:01:41.309898', 'delta': '0:00:00.002958', 'msg': '', 'invocation': {'module_args': {'_raw_params': 'find /etc/hosts -xdev -type d ( -perm -0002 -a ! -perm -1000 )', '_uses_shell': False, 'expand_argument_vars': True, 'stdin_add_newline': True, 'strip_empty_ends': True, 'argv': None, 'chdir': None, 'executable': None, 'creates': None, 'removes': None, 'stdin': None}}, 'stdout_lines': [], 'stderr_lines': [], 'failed': False, 'item': '/etc/hosts', 'ansible_loop_var': 'item'})
ok: [localhost] => (item={'changed': False, 'stdout': '', 'stderr': '', 'rc': 0, 'cmd': ['find', '/stigforge/roles', '-xdev', '-type', 'd', '(', '-perm', '-0002', '-a', '!', '-perm', '-1000', ')'], 'start': '2026-07-29 10:01:41.459167', 'end': '2026-07-29 10:01:41.462719', 'delta': '0:00:00.003552', 'msg': '', 'invocation': {'module_args': {'_raw_params': 'find /stigforge/roles -xdev -type d ( -perm -0002 -a ! -perm -1000 )', '_uses_shell': False, 'expand_argument_vars': True, 'stdin_add_newline': True, 'strip_empty_ends': True, 'argv': None, 'chdir': None, 'executable': None, 'creates': None, 'removes': None, 'stdin': None}}, 'stdout_lines': [], 'stderr_lines': [], 'failed': False, 'item': '/stigforge/roles', 'ansible_loop_var': 'item'})
ok: [localhost] => (item={'changed': False, 'stdout': '', 'stderr': '', 'rc': 0, 'cmd': ['find', '/etc/resolv.conf', '-xdev', '-type', 'd', '(', '-perm', '-0002', '-a', '!', '-perm', '-1000', ')'], 'start': '2026-07-29 10:01:41.594932', 'end': '2026-07-29 10:01:41.597934', 'delta': '0:00:00.003002', 'msg': '', 'invocation': {'module_args': {'_raw_params': 'find /etc/resolv.conf -xdev -type d ( -perm -0002 -a ! -perm -1000 )', '_uses_shell': False, 'expand_argument_vars': True, 'stdin_add_newline': True, 'strip_empty_ends': True, 'argv': None, 'chdir': None, 'executable': None, 'creates': None, 'removes': None, 'stdin': None}}, 'stdout_lines': [], 'stderr_lines': [], 'failed': False, 'item': '/etc/resolv.conf', 'ansible_loop_var': 'item'})
ok: [localhost] => (item={'changed': False, 'stdout': '', 'stderr': '', 'rc': 0, 'cmd': ['find', '/afs', '-xdev', '-type', 'd', '(', '-perm', '-0002', '-a', '!', '-perm', '-1000', ')'], 'start': '2026-07-29 10:01:41.729819', 'end': '2026-07-29 10:01:41.732836', 'delta': '0:00:00.003017', 'msg': '', 'invocation': {'module_args': {'_raw_params': 'find /afs -xdev -type d ( -perm -0002 -a ! -perm -1000 )', '_uses_shell': False, 'expand_argument_vars': True, 'stdin_add_newline': True, 'strip_empty_ends': True, 'argv': None, 'chdir': None, 'executable': None, 'creates': None, 'removes': None, 'stdin': None}}, 'stdout_lines': [], 'stderr_lines': [], 'failed': False, 'item': '/afs', 'ansible_loop_var': 'item'})
ok: [localhost] => (item={'changed': False, 'stdout': '', 'stderr': '', 'rc': 0, 'cmd': ['find', '/stigforge/pyproject.toml', '-xdev', '-type', 'd', '(', '-perm', '-0002', '-a', '!', '-perm', '-1000', ')'], 'start': '2026-07-29 10:01:41.868335', 'end': '2026-07-29 10:01:41.870677', 'delta': '0:00:00.002342', 'msg': '', 'invocation': {'module_args': {'_raw_params': 'find /stigforge/pyproject.toml -xdev -type d ( -perm -0002 -a ! -perm -1000 )', '_uses_shell': False, 'expand_argument_vars': True, 'stdin_add_newline': True, 'strip_empty_ends': True, 'argv': None, 'chdir': None, 'executable': None, 'creates': None, 'removes': None, 'stdin': None}}, 'stdout_lines': [], 'stderr_lines': [], 'failed': False, 'item': '/stigforge/pyproject.toml', 'ansible_loop_var': 'item'})
ok: [localhost] => (item={'changed': False, 'stdout': '', 'stderr': '', 'rc': 0, 'cmd': ['find', '/usr', '-xdev', '-type', 'd', '(', '-perm', '-0002', '-a', '!', '-perm', '-1000', ')'], 'start': '2026-07-29 10:01:42.001102', 'end': '2026-07-29 10:01:42.032066', 'delta': '0:00:00.030964', 'msg': '', 'invocation': {'module_args': {'_raw_params': 'find /usr -xdev -type d ( -perm -0002 -a ! -perm -1000 )', '_uses_shell': False, 'expand_argument_vars': True, 'stdin_add_newline': True, 'strip_empty_ends': True, 'argv': None, 'chdir': None, 'executable': None, 'creates': None, 'removes': None, 'stdin': None}}, 'stdout_lines': [], 'stderr_lines': [], 'failed': False, 'item': '/usr', 'ansible_loop_var': 'item'})
ok: [localhost] => (item={'changed': False, 'stdout': '', 'stderr': '', 'rc': 0, 'cmd': ['find', '/stigforge/generator', '-xdev', '-type', 'd', '(', '-perm', '-0002', '-a', '!', '-perm', '-1000', ')'], 'start': '2026-07-29 10:01:42.169056', 'end': '2026-07-29 10:01:42.171790', 'delta': '0:00:00.002734', 'msg': '', 'invocation': {'module_args': {'_raw_params': 'find /stigforge/generator -xdev -type d ( -perm -0002 -a ! -perm -1000 )', '_uses_shell': False, 'expand_argument_vars': True, 'stdin_add_newline': True, 'strip_empty_ends': True, 'argv': None, 'chdir': None, 'executable': None, 'creates': None, 'removes': None, 'stdin': None}}, 'stdout_lines': [], 'stderr_lines': [], 'failed': False, 'item': '/stigforge/generator', 'ansible_loop_var': 'item'})
ok: [localhost] => (item={'changed': False, 'stdout': '', 'stderr': '', 'rc': 0, 'cmd': ['find', '/etc/hostname', '-xdev', '-type', 'd', '(', '-perm', '-0002', '-a', '!', '-perm', '-1000', ')'], 'start': '2026-07-29 10:01:42.307108', 'end': '2026-07-29 10:01:42.309932', 'delta': '0:00:00.002824', 'msg': '', 'invocation': {'module_args': {'_raw_params': 'find /etc/hostname -xdev -type d ( -perm -0002 -a ! -perm -1000 )', '_uses_shell': False, 'expand_argument_vars': True, 'stdin_add_newline': True, 'strip_empty_ends': True, 'argv': None, 'chdir': None, 'executable': None, 'creates': None, 'removes': None, 'stdin': None}}, 'stdout_lines': [], 'stderr_lines': [], 'failed': False, 'item': '/etc/hostname', 'ansible_loop_var': 'item'})

TASK [/stigforge/roles/rhel9_cis : Verify that All World-Writable Directories Have Sticky Bits Set - Ensure Sticky Bit is Set on Local World Writable Directories] ***
skipping: [localhost]

TASK [/stigforge/roles/rhel9_cis : Set the file_groupowner_backup_etc_group_newgroup variable if represented by gid] ***
ok: [localhost]

TASK [/stigforge/roles/rhel9_cis : Test for existence /etc/group-] *************
ok: [localhost]

TASK [/stigforge/roles/rhel9_cis : Ensure group owner on /etc/group-] **********
ok: [localhost]

TASK [/stigforge/roles/rhel9_cis : Set the file_groupowner_backup_etc_gshadow_newgroup variable if represented by gid] ***
ok: [localhost]

TASK [/stigforge/roles/rhel9_cis : Test for existence /etc/gshadow-] ***********
ok: [localhost]

TASK [/stigforge/roles/rhel9_cis : Ensure group owner on /etc/gshadow-] ********
ok: [localhost]

TASK [/stigforge/roles/rhel9_cis : Set the file_groupowner_backup_etc_passwd_newgroup variable if represented by gid] ***
ok: [localhost]

TASK [/stigforge/roles/rhel9_cis : Test for existence /etc/passwd-] ************
ok: [localhost]

TASK [/stigforge/roles/rhel9_cis : Ensure group owner on /etc/passwd-] *********
ok: [localhost]

TASK [/stigforge/roles/rhel9_cis : Set the file_groupowner_backup_etc_shadow_newgroup variable if represented by gid] ***
ok: [localhost]

TASK [/stigforge/roles/rhel9_cis : Test for existence /etc/shadow-] ************
ok: [localhost]

TASK [/stigforge/roles/rhel9_cis : Ensure group owner on /etc/shadow-] *********
ok: [localhost]

TASK [/stigforge/roles/rhel9_cis : Set the file_groupowner_etc_group_newgroup variable if represented by gid] ***
ok: [localhost]

TASK [/stigforge/roles/rhel9_cis : Test for existence /etc/group] **************
ok: [localhost]

TASK [/stigforge/roles/rhel9_cis : Ensure group owner on /etc/group] ***********
ok: [localhost]

TASK [/stigforge/roles/rhel9_cis : Set the file_groupowner_etc_gshadow_newgroup variable if represented by gid] ***
ok: [localhost]

TASK [/stigforge/roles/rhel9_cis : Test for existence /etc/gshadow] ************
ok: [localhost]

TASK [/stigforge/roles/rhel9_cis : Ensure group owner on /etc/gshadow] *********
ok: [localhost]

TASK [/stigforge/roles/rhel9_cis : Set the file_groupowner_etc_passwd_newgroup variable if represented by gid] ***
ok: [localhost]

TASK [/stigforge/roles/rhel9_cis : Test for existence /etc/passwd] *************
ok: [localhost]

TASK [/stigforge/roles/rhel9_cis : Ensure group owner on /etc/passwd] **********
ok: [localhost]

TASK [/stigforge/roles/rhel9_cis : Set the file_groupowner_etc_shadow_newgroup variable if represented by gid] ***
ok: [localhost]

TASK [/stigforge/roles/rhel9_cis : Test for existence /etc/shadow] *************
ok: [localhost]

TASK [/stigforge/roles/rhel9_cis : Ensure group owner on /etc/shadow] **********
ok: [localhost]

TASK [/stigforge/roles/rhel9_cis : Set the file_groupowner_etc_shells_newgroup variable if represented by gid] ***
ok: [localhost]

TASK [/stigforge/roles/rhel9_cis : Test for existence /etc/shells] *************
ok: [localhost]

TASK [/stigforge/roles/rhel9_cis : Ensure group owner on /etc/shells] **********
ok: [localhost]

TASK [/stigforge/roles/rhel9_cis : Set the file_owner_backup_etc_group_newown variable if represented by uid] ***
ok: [localhost]

TASK [/stigforge/roles/rhel9_cis : Test for existence /etc/group-] *************
ok: [localhost]

TASK [/stigforge/roles/rhel9_cis : Ensure owner on /etc/group-] ****************
ok: [localhost]

TASK [/stigforge/roles/rhel9_cis : Set the file_owner_backup_etc_gshadow_newown variable if represented by uid] ***
ok: [localhost]

TASK [/stigforge/roles/rhel9_cis : Test for existence /etc/gshadow-] ***********
ok: [localhost]

TASK [/stigforge/roles/rhel9_cis : Ensure owner on /etc/gshadow-] **************
ok: [localhost]

TASK [/stigforge/roles/rhel9_cis : Set the file_owner_backup_etc_passwd_newown variable if represented by uid] ***
ok: [localhost]

TASK [/stigforge/roles/rhel9_cis : Test for existence /etc/passwd-] ************
ok: [localhost]

TASK [/stigforge/roles/rhel9_cis : Ensure owner on /etc/passwd-] ***************
ok: [localhost]

TASK [/stigforge/roles/rhel9_cis : Set the file_owner_backup_etc_shadow_newown variable if represented by uid] ***
ok: [localhost]

TASK [/stigforge/roles/rhel9_cis : Test for existence /etc/shadow-] ************
ok: [localhost]

TASK [/stigforge/roles/rhel9_cis : Ensure owner on /etc/shadow-] ***************
ok: [localhost]

TASK [/stigforge/roles/rhel9_cis : Set the file_owner_etc_group_newown variable if represented by uid] ***
ok: [localhost]

TASK [/stigforge/roles/rhel9_cis : Test for existence /etc/group] **************
ok: [localhost]

TASK [/stigforge/roles/rhel9_cis : Ensure owner on /etc/group] *****************
ok: [localhost]

TASK [/stigforge/roles/rhel9_cis : Set the file_owner_etc_gshadow_newown variable if represented by uid] ***
ok: [localhost]

TASK [/stigforge/roles/rhel9_cis : Test for existence /etc/gshadow] ************
ok: [localhost]

TASK [/stigforge/roles/rhel9_cis : Ensure owner on /etc/gshadow] ***************
ok: [localhost]

TASK [/stigforge/roles/rhel9_cis : Set the file_owner_etc_passwd_newown variable if represented by uid] ***
ok: [localhost]

TASK [/stigforge/roles/rhel9_cis : Test for existence /etc/passwd] *************
ok: [localhost]

TASK [/stigforge/roles/rhel9_cis : Ensure owner on /etc/passwd] ****************
ok: [localhost]

TASK [/stigforge/roles/rhel9_cis : Set the file_owner_etc_shadow_newown variable if represented by uid] ***
ok: [localhost]

TASK [/stigforge/roles/rhel9_cis : Test for existence /etc/shadow] *************
ok: [localhost]

TASK [/stigforge/roles/rhel9_cis : Ensure owner on /etc/shadow] ****************
ok: [localhost]

TASK [/stigforge/roles/rhel9_cis : Set the file_owner_etc_shells_newown variable if represented by uid] ***
ok: [localhost]

TASK [/stigforge/roles/rhel9_cis : Test for existence /etc/shells] *************
ok: [localhost]

TASK [/stigforge/roles/rhel9_cis : Ensure owner on /etc/shells] ****************
ok: [localhost]

TASK [/stigforge/roles/rhel9_cis : Test for existence /etc/group-] *************
ok: [localhost]

TASK [/stigforge/roles/rhel9_cis : Ensure permission u-xs,g-xws,o-xwt on /etc/group-] ***
ok: [localhost]

TASK [/stigforge/roles/rhel9_cis : Test for existence /etc/gshadow-] ***********
ok: [localhost]

TASK [/stigforge/roles/rhel9_cis : Ensure permission u-xwrs,g-xwrs,o-xwrt on /etc/gshadow-] ***
ok: [localhost]

TASK [/stigforge/roles/rhel9_cis : Test for existence /etc/passwd-] ************
ok: [localhost]

TASK [/stigforge/roles/rhel9_cis : Ensure permission u-xs,g-xws,o-xwt on /etc/passwd-] ***
ok: [localhost]

TASK [/stigforge/roles/rhel9_cis : Test for existence /etc/shadow-] ************
ok: [localhost]

TASK [/stigforge/roles/rhel9_cis : Ensure permission u-xwrs,g-xwrs,o-xwrt on /etc/shadow-] ***
ok: [localhost]

TASK [/stigforge/roles/rhel9_cis : Test for existence /etc/group] **************
ok: [localhost]

TASK [/stigforge/roles/rhel9_cis : Ensure permission u-xs,g-xws,o-xwt on /etc/group] ***
ok: [localhost]

TASK [/stigforge/roles/rhel9_cis : Test for existence /etc/gshadow] ************
ok: [localhost]

TASK [/stigforge/roles/rhel9_cis : Ensure permission u-xwrs,g-xwrs,o-xwrt on /etc/gshadow] ***
ok: [localhost]

TASK [/stigforge/roles/rhel9_cis : Test for existence /etc/passwd] *************
ok: [localhost]

TASK [/stigforge/roles/rhel9_cis : Ensure permission u-xs,g-xws,o-xwt on /etc/passwd] ***
ok: [localhost]

TASK [/stigforge/roles/rhel9_cis : Test for existence /etc/shadow] *************
ok: [localhost]

TASK [/stigforge/roles/rhel9_cis : Ensure permission u-xwrs,g-xwrs,o-xwrt on /etc/shadow] ***
ok: [localhost]

TASK [/stigforge/roles/rhel9_cis : Test for existence /etc/shells] *************
ok: [localhost]

TASK [/stigforge/roles/rhel9_cis : Ensure permission u-xs,g-xws,o-xwt on /etc/shells] ***
ok: [localhost]

TASK [/stigforge/roles/rhel9_cis : Ensure kernel module 'cramfs' is disabled] ***
skipping: [localhost]

TASK [/stigforge/roles/rhel9_cis : Ensure kernel module 'cramfs' is blacklisted] ***
skipping: [localhost]

TASK [/stigforge/roles/rhel9_cis : Ensure kernel module 'freevxfs' is disabled] ***
skipping: [localhost]

TASK [/stigforge/roles/rhel9_cis : Ensure kernel module 'freevxfs' is blacklisted] ***
skipping: [localhost]

TASK [/stigforge/roles/rhel9_cis : Ensure kernel module 'hfs' is disabled] *****
skipping: [localhost]

TASK [/stigforge/roles/rhel9_cis : Ensure kernel module 'hfs' is blacklisted] ***
skipping: [localhost]

TASK [/stigforge/roles/rhel9_cis : Ensure kernel module 'hfsplus' is disabled] ***
skipping: [localhost]

TASK [/stigforge/roles/rhel9_cis : Ensure kernel module 'hfsplus' is blacklisted] ***
skipping: [localhost]

TASK [/stigforge/roles/rhel9_cis : Ensure kernel module 'jffs2' is disabled] ***
skipping: [localhost]

TASK [/stigforge/roles/rhel9_cis : Ensure kernel module 'jffs2' is blacklisted] ***
skipping: [localhost]

TASK [/stigforge/roles/rhel9_cis : Ensure kernel module 'usb-storage' is disabled] ***
skipping: [localhost]

TASK [/stigforge/roles/rhel9_cis : Ensure kernel module 'usb-storage' is blacklisted] ***
skipping: [localhost]

TASK [/stigforge/roles/rhel9_cis : Add nodev Option to /dev/shm: Check information associated to mountpoint] ***
skipping: [localhost]

TASK [/stigforge/roles/rhel9_cis : Add nodev Option to /dev/shm: Create mount_info dictionary variable] ***
skipping: [localhost]

TASK [/stigforge/roles/rhel9_cis : Add nodev Option to /dev/shm: If /dev/shm not mounted, craft mount_info manually] ***
skipping: [localhost] => (item=['target', '/dev/shm']) 
skipping: [localhost] => (item=['source', 'tmpfs']) 
skipping: [localhost] => (item=['fstype', 'tmpfs']) 
skipping: [localhost] => (item=['options', 'defaults']) 
skipping: [localhost]

TASK [/stigforge/roles/rhel9_cis : Add nodev Option to /dev/shm: Make sure nodev option is part of the to /dev/shm options] ***
skipping: [localhost]

TASK [/stigforge/roles/rhel9_cis : Add nodev Option to /dev/shm: Ensure /dev/shm is mounted with nodev option] ***
skipping: [localhost]

TASK [/stigforge/roles/rhel9_cis : Add noexec Option to /dev/shm: Check information associated to mountpoint] ***
skipping: [localhost]

TASK [/stigforge/roles/rhel9_cis : Add noexec Option to /dev/shm: Create mount_info dictionary variable] ***
skipping: [localhost]

TASK [/stigforge/roles/rhel9_cis : Add noexec Option to /dev/shm: If /dev/shm not mounted, craft mount_info manually] ***
skipping: [localhost] => (item=['target', '/dev/shm']) 
skipping: [localhost] => (item=['source', 'tmpfs']) 
skipping: [localhost] => (item=['fstype', 'tmpfs']) 
skipping: [localhost] => (item=['options', 'defaults']) 
skipping: [localhost]

TASK [/stigforge/roles/rhel9_cis : Add noexec Option to /dev/shm: Make sure noexec option is part of the to /dev/shm options] ***
skipping: [localhost]

TASK [/stigforge/roles/rhel9_cis : Add noexec Option to /dev/shm: Ensure /dev/shm is mounted with noexec option] ***
skipping: [localhost]

TASK [/stigforge/roles/rhel9_cis : Add nosuid Option to /dev/shm: Check information associated to mountpoint] ***
skipping: [localhost]

TASK [/stigforge/roles/rhel9_cis : Add nosuid Option to /dev/shm: Create mount_info dictionary variable] ***
skipping: [localhost]

TASK [/stigforge/roles/rhel9_cis : Add nosuid Option to /dev/shm: If /dev/shm not mounted, craft mount_info manually] ***
skipping: [localhost] => (item=['target', '/dev/shm']) 
skipping: [localhost] => (item=['source', 'tmpfs']) 
skipping: [localhost] => (item=['fstype', 'tmpfs']) 
skipping: [localhost] => (item=['options', 'defaults']) 
skipping: [localhost]

TASK [/stigforge/roles/rhel9_cis : Add nosuid Option to /dev/shm: Make sure nosuid option is part of the to /dev/shm options] ***
skipping: [localhost]

TASK [/stigforge/roles/rhel9_cis : Add nosuid Option to /dev/shm: Ensure /dev/shm is mounted with nosuid option] ***
skipping: [localhost]

TASK [/stigforge/roles/rhel9_cis : Add nodev Option to /home: Check information associated to mountpoint] ***
skipping: [localhost]

TASK [/stigforge/roles/rhel9_cis : Add nodev Option to /home: Create mount_info dictionary variable] ***
skipping: [localhost]

TASK [/stigforge/roles/rhel9_cis : Add nodev Option to /home: If /home not mounted, craft mount_info manually] ***
skipping: [localhost] => (item=['target', '/home']) 
skipping: [localhost] => (item=['source', '']) 
skipping: [localhost] => (item=['fstype', '']) 
skipping: [localhost] => (item=['options', 'defaults']) 
skipping: [localhost]

TASK [/stigforge/roles/rhel9_cis : Add nodev Option to /home: Make sure nodev option is part of the to /home options] ***
skipping: [localhost]

TASK [/stigforge/roles/rhel9_cis : Add nodev Option to /home: Ensure /home is mounted with nodev option] ***
skipping: [localhost]

TASK [/stigforge/roles/rhel9_cis : Add nosuid Option to /home: Check information associated to mountpoint] ***
skipping: [localhost]

TASK [/stigforge/roles/rhel9_cis : Add nosuid Option to /home: Create mount_info dictionary variable] ***
skipping: [localhost]

TASK [/stigforge/roles/rhel9_cis : Add nosuid Option to /home: If /home not mounted, craft mount_info manually] ***
skipping: [localhost] => (item=['target', '/home']) 
skipping: [localhost] => (item=['source', '']) 
skipping: [localhost] => (item=['fstype', '']) 
skipping: [localhost] => (item=['options', 'defaults']) 
skipping: [localhost]

TASK [/stigforge/roles/rhel9_cis : Add nosuid Option to /home: Make sure nosuid option is part of the to /home options] ***
skipping: [localhost]

TASK [/stigforge/roles/rhel9_cis : Add nosuid Option to /home: Ensure /home is mounted with nosuid option] ***
skipping: [localhost]

TASK [/stigforge/roles/rhel9_cis : Add nodev Option to /tmp: Check information associated to mountpoint] ***
skipping: [localhost]

TASK [/stigforge/roles/rhel9_cis : Add nodev Option to /tmp: Create mount_info dictionary variable] ***
skipping: [localhost]

TASK [/stigforge/roles/rhel9_cis : Add nodev Option to /tmp: If /tmp not mounted, craft mount_info manually] ***
skipping: [localhost] => (item=['target', '/tmp']) 
skipping: [localhost] => (item=['source', '']) 
skipping: [localhost] => (item=['fstype', '']) 
skipping: [localhost] => (item=['options', 'defaults']) 
skipping: [localhost]

TASK [/stigforge/roles/rhel9_cis : Add nodev Option to /tmp: Make sure nodev option is part of the to /tmp options] ***
skipping: [localhost]

TASK [/stigforge/roles/rhel9_cis : Add nodev Option to /tmp: Ensure /tmp is mounted with nodev option] ***
skipping: [localhost]

TASK [/stigforge/roles/rhel9_cis : Add noexec Option to /tmp: Check information associated to mountpoint] ***
skipping: [localhost]

TASK [/stigforge/roles/rhel9_cis : Add noexec Option to /tmp: Create mount_info dictionary variable] ***
skipping: [localhost]

TASK [/stigforge/roles/rhel9_cis : Add noexec Option to /tmp: If /tmp not mounted, craft mount_info manually] ***
skipping: [localhost] => (item=['target', '/tmp']) 
skipping: [localhost] => (item=['source', '']) 
skipping: [localhost] => (item=['fstype', '']) 
skipping: [localhost] => (item=['options', 'defaults']) 
skipping: [localhost]

TASK [/stigforge/roles/rhel9_cis : Add noexec Option to /tmp: Make sure noexec option is part of the to /tmp options] ***
skipping: [localhost]

TASK [/stigforge/roles/rhel9_cis : Add noexec Option to /tmp: Ensure /tmp is mounted with noexec option] ***
skipping: [localhost]

TASK [/stigforge/roles/rhel9_cis : Add nosuid Option to /tmp: Check information associated to mountpoint] ***
skipping: [localhost]

TASK [/stigforge/roles/rhel9_cis : Add nosuid Option to /tmp: Create mount_info dictionary variable] ***
skipping: [localhost]

TASK [/stigforge/roles/rhel9_cis : Add nosuid Option to /tmp: If /tmp not mounted, craft mount_info manually] ***
skipping: [localhost] => (item=['target', '/tmp']) 
skipping: [localhost] => (item=['source', '']) 
skipping: [localhost] => (item=['fstype', '']) 
skipping: [localhost] => (item=['options', 'defaults']) 
skipping: [localhost]

TASK [/stigforge/roles/rhel9_cis : Add nosuid Option to /tmp: Make sure nosuid option is part of the to /tmp options] ***
skipping: [localhost]

TASK [/stigforge/roles/rhel9_cis : Add nosuid Option to /tmp: Ensure /tmp is mounted with nosuid option] ***
skipping: [localhost]

TASK [/stigforge/roles/rhel9_cis : Add nodev Option to /var/log/audit: Check information associated to mountpoint] ***
skipping: [localhost]

TASK [/stigforge/roles/rhel9_cis : Add nodev Option to /var/log/audit: Create mount_info dictionary variable] ***
skipping: [localhost]

TASK [/stigforge/roles/rhel9_cis : Add nodev Option to /var/log/audit: If /var/log/audit not mounted, craft mount_info manually] ***
skipping: [localhost] => (item=['target', '/var/log/audit']) 
skipping: [localhost] => (item=['source', '']) 
skipping: [localhost] => (item=['fstype', '']) 
skipping: [localhost] => (item=['options', 'defaults']) 
skipping: [localhost]

TASK [/stigforge/roles/rhel9_cis : Add nodev Option to /var/log/audit: Make sure nodev option is part of the to /var/log/audit options] ***
skipping: [localhost]

TASK [/stigforge/roles/rhel9_cis : Add nodev Option to /var/log/audit: Ensure /var/log/audit is mounted with nodev option] ***
skipping: [localhost]

TASK [/stigforge/roles/rhel9_cis : Add noexec Option to /var/log/audit: Check information associated to mountpoint] ***
skipping: [localhost]

TASK [/stigforge/roles/rhel9_cis : Add noexec Option to /var/log/audit: Create mount_info dictionary variable] ***
skipping: [localhost]

TASK [/stigforge/roles/rhel9_cis : Add noexec Option to /var/log/audit: If /var/log/audit not mounted, craft mount_info manually] ***
skipping: [localhost] => (item=['target', '/var/log/audit']) 
skipping: [localhost] => (item=['source', '']) 
skipping: [localhost] => (item=['fstype', '']) 
skipping: [localhost] => (item=['options', 'defaults']) 
skipping: [localhost]

TASK [/stigforge/roles/rhel9_cis : Add noexec Option to /var/log/audit: Make sure noexec option is part of the to /var/log/audit options] ***
skipping: [localhost]

TASK [/stigforge/roles/rhel9_cis : Add noexec Option to /var/log/audit: Ensure /var/log/audit is mounted with noexec option] ***
skipping: [localhost]

TASK [/stigforge/roles/rhel9_cis : Add nosuid Option to /var/log/audit: Check information associated to mountpoint] ***
skipping: [localhost]

TASK [/stigforge/roles/rhel9_cis : Add nosuid Option to /var/log/audit: Create mount_info dictionary variable] ***
skipping: [localhost]

TASK [/stigforge/roles/rhel9_cis : Add nosuid Option to /var/log/audit: If /var/log/audit not mounted, craft mount_info manually] ***
skipping: [localhost] => (item=['target', '/var/log/audit']) 
skipping: [localhost] => (item=['source', '']) 
skipping: [localhost] => (item=['fstype', '']) 
skipping: [localhost] => (item=['options', 'defaults']) 
skipping: [localhost]

TASK [/stigforge/roles/rhel9_cis : Add nosuid Option to /var/log/audit: Make sure nosuid option is part of the to /var/log/audit options] ***
skipping: [localhost]

TASK [/stigforge/roles/rhel9_cis : Add nosuid Option to /var/log/audit: Ensure /var/log/audit is mounted with nosuid option] ***
skipping: [localhost]

TASK [/stigforge/roles/rhel9_cis : Add nodev Option to /var/log: Check information associated to mountpoint] ***
skipping: [localhost]

TASK [/stigforge/roles/rhel9_cis : Add nodev Option to /var/log: Create mount_info dictionary variable] ***
skipping: [localhost]

TASK [/stigforge/roles/rhel9_cis : Add nodev Option to /var/log: If /var/log not mounted, craft mount_info manually] ***
skipping: [localhost] => (item=['target', '/var/log']) 
skipping: [localhost] => (item=['source', '']) 
skipping: [localhost] => (item=['fstype', '']) 
skipping: [localhost] => (item=['options', 'defaults']) 
skipping: [localhost]

TASK [/stigforge/roles/rhel9_cis : Add nodev Option to /var/log: Make sure nodev option is part of the to /var/log options] ***
skipping: [localhost]

TASK [/stigforge/roles/rhel9_cis : Add nodev Option to /var/log: Ensure /var/log is mounted with nodev option] ***
skipping: [localhost]

TASK [/stigforge/roles/rhel9_cis : Add noexec Option to /var/log: Check information associated to mountpoint] ***
skipping: [localhost]

TASK [/stigforge/roles/rhel9_cis : Add noexec Option to /var/log: Create mount_info dictionary variable] ***
skipping: [localhost]

TASK [/stigforge/roles/rhel9_cis : Add noexec Option to /var/log: If /var/log not mounted, craft mount_info manually] ***
skipping: [localhost] => (item=['target', '/var/log']) 
skipping: [localhost] => (item=['source', '']) 
skipping: [localhost] => (item=['fstype', '']) 
skipping: [localhost] => (item=['options', 'defaults']) 
skipping: [localhost]

TASK [/stigforge/roles/rhel9_cis : Add noexec Option to /var/log: Make sure noexec option is part of the to /var/log options] ***
skipping: [localhost]

TASK [/stigforge/roles/rhel9_cis : Add noexec Option to /var/log: Ensure /var/log is mounted with noexec option] ***
skipping: [localhost]

TASK [/stigforge/roles/rhel9_cis : Add nosuid Option to /var/log: Check information associated to mountpoint] ***
skipping: [localhost]

TASK [/stigforge/roles/rhel9_cis : Add nosuid Option to /var/log: Create mount_info dictionary variable] ***
skipping: [localhost]

TASK [/stigforge/roles/rhel9_cis : Add nosuid Option to /var/log: If /var/log not mounted, craft mount_info manually] ***
skipping: [localhost] => (item=['target', '/var/log']) 
skipping: [localhost] => (item=['source', '']) 
skipping: [localhost] => (item=['fstype', '']) 
skipping: [localhost] => (item=['options', 'defaults']) 
skipping: [localhost]

TASK [/stigforge/roles/rhel9_cis : Add nosuid Option to /var/log: Make sure nosuid option is part of the to /var/log options] ***
skipping: [localhost]

TASK [/stigforge/roles/rhel9_cis : Add nosuid Option to /var/log: Ensure /var/log is mounted with nosuid option] ***
skipping: [localhost]

TASK [/stigforge/roles/rhel9_cis : Add nodev Option to /var: Check information associated to mountpoint] ***
skipping: [localhost]

TASK [/stigforge/roles/rhel9_cis : Add nodev Option to /var: Create mount_info dictionary variable] ***
skipping: [localhost]

TASK [/stigforge/roles/rhel9_cis : Add nodev Option to /var: If /var not mounted, craft mount_info manually] ***
skipping: [localhost] => (item=['target', '/var']) 
skipping: [localhost] => (item=['source', '']) 
skipping: [localhost] => (item=['fstype', '']) 
skipping: [localhost] => (item=['options', 'defaults']) 
skipping: [localhost]

TASK [/stigforge/roles/rhel9_cis : Add nodev Option to /var: Make sure nodev option is part of the to /var options] ***
skipping: [localhost]

TASK [/stigforge/roles/rhel9_cis : Add nodev Option to /var: Ensure /var is mounted with nodev option] ***
skipping: [localhost]

TASK [/stigforge/roles/rhel9_cis : Add nosuid Option to /var: Check information associated to mountpoint] ***
skipping: [localhost]

TASK [/stigforge/roles/rhel9_cis : Add nosuid Option to /var: Create mount_info dictionary variable] ***
skipping: [localhost]

TASK [/stigforge/roles/rhel9_cis : Add nosuid Option to /var: If /var not mounted, craft mount_info manually] ***
skipping: [localhost] => (item=['target', '/var']) 
skipping: [localhost] => (item=['source', '']) 
skipping: [localhost] => (item=['fstype', '']) 
skipping: [localhost] => (item=['options', 'defaults']) 
skipping: [localhost]

TASK [/stigforge/roles/rhel9_cis : Add nosuid Option to /var: Make sure nosuid option is part of the to /var options] ***
skipping: [localhost]

TASK [/stigforge/roles/rhel9_cis : Add nosuid Option to /var: Ensure /var is mounted with nosuid option] ***
skipping: [localhost]

TASK [/stigforge/roles/rhel9_cis : Add nodev Option to /var/tmp: Check information associated to mountpoint] ***
skipping: [localhost]

TASK [/stigforge/roles/rhel9_cis : Add nodev Option to /var/tmp: Create mount_info dictionary variable] ***
skipping: [localhost]

TASK [/stigforge/roles/rhel9_cis : Add nodev Option to /var/tmp: If /var/tmp not mounted, craft mount_info manually] ***
skipping: [localhost] => (item=['target', '/var/tmp']) 
skipping: [localhost] => (item=['source', '']) 
skipping: [localhost] => (item=['fstype', '']) 
skipping: [localhost] => (item=['options', 'defaults']) 
skipping: [localhost]

TASK [/stigforge/roles/rhel9_cis : Add nodev Option to /var/tmp: Make sure nodev option is part of the to /var/tmp options] ***
skipping: [localhost]

TASK [/stigforge/roles/rhel9_cis : Add nodev Option to /var/tmp: Ensure /var/tmp is mounted with nodev option] ***
skipping: [localhost]

TASK [/stigforge/roles/rhel9_cis : Add noexec Option to /var/tmp: Check information associated to mountpoint] ***
skipping: [localhost]

TASK [/stigforge/roles/rhel9_cis : Add noexec Option to /var/tmp: Create mount_info dictionary variable] ***
skipping: [localhost]

TASK [/stigforge/roles/rhel9_cis : Add noexec Option to /var/tmp: If /var/tmp not mounted, craft mount_info manually] ***
skipping: [localhost] => (item=['target', '/var/tmp']) 
skipping: [localhost] => (item=['source', '']) 
skipping: [localhost] => (item=['fstype', '']) 
skipping: [localhost] => (item=['options', 'defaults']) 
skipping: [localhost]

TASK [/stigforge/roles/rhel9_cis : Add noexec Option to /var/tmp: Make sure noexec option is part of the to /var/tmp options] ***
skipping: [localhost]

TASK [/stigforge/roles/rhel9_cis : Add noexec Option to /var/tmp: Ensure /var/tmp is mounted with noexec option] ***
skipping: [localhost]

TASK [/stigforge/roles/rhel9_cis : Add nosuid Option to /var/tmp: Check information associated to mountpoint] ***
skipping: [localhost]

TASK [/stigforge/roles/rhel9_cis : Add nosuid Option to /var/tmp: Create mount_info dictionary variable] ***
skipping: [localhost]

TASK [/stigforge/roles/rhel9_cis : Add nosuid Option to /var/tmp: If /var/tmp not mounted, craft mount_info manually] ***
skipping: [localhost] => (item=['target', '/var/tmp']) 
skipping: [localhost] => (item=['source', '']) 
skipping: [localhost] => (item=['fstype', '']) 
skipping: [localhost] => (item=['options', 'defaults']) 
skipping: [localhost]

TASK [/stigforge/roles/rhel9_cis : Add nosuid Option to /var/tmp: Make sure nosuid option is part of the to /var/tmp options] ***
skipping: [localhost]

TASK [/stigforge/roles/rhel9_cis : Add nosuid Option to /var/tmp: Ensure /var/tmp is mounted with nosuid option] ***
skipping: [localhost]

TASK [/stigforge/roles/rhel9_cis : List /etc/sysctl.d/*.conf files] ************
skipping: [localhost]

TASK [/stigforge/roles/rhel9_cis : Comment out any occurrences of kernel.yama.ptrace_scope from config files] ***
skipping: [localhost]

TASK [/stigforge/roles/rhel9_cis : Ensure sysctl kernel.yama.ptrace_scope is set to 1] ***
skipping: [localhost]

TASK [/stigforge/roles/rhel9_cis : Disable core dump backtraces - Search for a section in files] ***
[WARNING]: Skipped '/etc/systemd/coredump.conf.d' path due to this access
issue: '/etc/systemd/coredump.conf.d' is not a directory
ok: [localhost] => (item={'path': '/etc/systemd', 'pattern': 'coredump\\.conf'})
ok: [localhost] => (item={'path': '/etc/systemd/coredump.conf.d', 'pattern': '.*\\.conf'})

TASK [/stigforge/roles/rhel9_cis : Disable core dump backtraces - Count number of files which contain the correct section] ***
ok: [localhost]

TASK [/stigforge/roles/rhel9_cis : Disable core dump backtraces - Add missing configuration to correct section] ***
skipping: [localhost]

TASK [/stigforge/roles/rhel9_cis : Disable core dump backtraces - Add configuration to new remediation file] ***
changed: [localhost]

TASK [/stigforge/roles/rhel9_cis : Disable storing core dump - Search for a section in files] ***
ok: [localhost] => (item={'path': '/etc/systemd', 'pattern': 'coredump\\.conf'})
ok: [localhost] => (item={'path': '/etc/systemd/coredump.conf.d', 'pattern': '.*\\.conf'})

TASK [/stigforge/roles/rhel9_cis : Disable storing core dump - Count number of files which contain the correct section] ***
ok: [localhost]

TASK [/stigforge/roles/rhel9_cis : Disable storing core dump - Add missing configuration to correct section] ***
changed: [localhost] => (item=/etc/systemd/coredump.conf.d/complianceascode_hardening.conf)

TASK [/stigforge/roles/rhel9_cis : Disable storing core dump - Add configuration to new remediation file] ***
skipping: [localhost]

TASK [/stigforge/roles/rhel9_cis : List /etc/sysctl.d/*.conf files] ************
skipping: [localhost]

TASK [/stigforge/roles/rhel9_cis : Comment out any occurrences of kernel.randomize_va_space from config files] ***
skipping: [localhost]

TASK [/stigforge/roles/rhel9_cis : Ensure sysctl kernel.randomize_va_space is set to 2] ***
skipping: [localhost]

TASK [/stigforge/roles/rhel9_cis : Ensure SELinux Not Disabled in /etc/default/grub - Find /etc/grub.d/ files] ***
skipping: [localhost]

TASK [/stigforge/roles/rhel9_cis : Ensure SELinux Not Disabled in /etc/default/grub - Ensure SELinux Not Disabled in /etc/grub.d/ files] ***
skipping: [localhost]

TASK [/stigforge/roles/rhel9_cis : Ensure SELinux Not Disabled in /etc/default/grub - Check if /etc/grub2.cfg exists] ***
skipping: [localhost]

TASK [/stigforge/roles/rhel9_cis : Ensure SELinux Not Disabled in /etc/default/grub - Check if /etc/default/grub exists] ***
skipping: [localhost]

TASK [/stigforge/roles/rhel9_cis : Ensure SELinux Not Disabled in /etc/default/grub - Ensure SELinux Not Disabled in /etc/grub2.cfg] ***
skipping: [localhost]

TASK [/stigforge/roles/rhel9_cis : Ensure SELinux Not Disabled in /etc/default/grub - Ensure SELinux Not Disabled in /etc/default/grub] ***
skipping: [localhost]

TASK [/stigforge/roles/rhel9_cis : Check for duplicate values] *****************
skipping: [localhost]

TASK [/stigforge/roles/rhel9_cis : Deduplicate values from /etc/selinux/config] ***
skipping: [localhost]

TASK [/stigforge/roles/rhel9_cis : Insert correct line to /etc/selinux/config] ***
skipping: [localhost]

TASK [/stigforge/roles/rhel9_cis :  - Mark system to relabel SELinux on next boot] ***
skipping: [localhost]

TASK [/stigforge/roles/rhel9_cis : Check for duplicate values] *****************
skipping: [localhost]

TASK [/stigforge/roles/rhel9_cis : Deduplicate values from /etc/selinux/config] ***
skipping: [localhost]

TASK [/stigforge/roles/rhel9_cis : Insert correct line to /etc/selinux/config] ***
skipping: [localhost]

TASK [/stigforge/roles/rhel9_cis : Set the file_groupowner_cron_d_newgroup variable if represented by gid] ***
skipping: [localhost]

TASK [/stigforge/roles/rhel9_cis : Ensure group owner on /etc/cron.d/] *********
skipping: [localhost]

TASK [/stigforge/roles/rhel9_cis : Set the file_groupowner_cron_daily_newgroup variable if represented by gid] ***
skipping: [localhost]

TASK [/stigforge/roles/rhel9_cis : Ensure group owner on /etc/cron.daily/] *****
skipping: [localhost]

TASK [/stigforge/roles/rhel9_cis : Set the file_groupowner_cron_hourly_newgroup variable if represented by gid] ***
skipping: [localhost]

TASK [/stigforge/roles/rhel9_cis : Ensure group owner on /etc/cron.hourly/] ****
skipping: [localhost]

TASK [/stigforge/roles/rhel9_cis : Set the file_groupowner_cron_monthly_newgroup variable if represented by gid] ***
skipping: [localhost]

TASK [/stigforge/roles/rhel9_cis : Ensure group owner on /etc/cron.monthly/] ***
skipping: [localhost]

TASK [/stigforge/roles/rhel9_cis : Set the file_groupowner_cron_weekly_newgroup variable if represented by gid] ***
skipping: [localhost]

TASK [/stigforge/roles/rhel9_cis : Ensure group owner on /etc/cron.weekly/] ****
skipping: [localhost]

TASK [/stigforge/roles/rhel9_cis : Set the file_groupowner_crontab_newgroup variable if represented by gid] ***
skipping: [localhost]

TASK [/stigforge/roles/rhel9_cis : Test for existence /etc/crontab] ************
skipping: [localhost]

TASK [/stigforge/roles/rhel9_cis : Ensure group owner on /etc/crontab] *********
skipping: [localhost]

TASK [/stigforge/roles/rhel9_cis : Set the file_owner_cron_d_newown variable if represented by uid] ***
skipping: [localhost]

TASK [/stigforge/roles/rhel9_cis : Ensure owner on directory /etc/cron.d/] *****
skipping: [localhost]

TASK [/stigforge/roles/rhel9_cis : Set the file_owner_cron_daily_newown variable if represented by uid] ***
skipping: [localhost]

TASK [/stigforge/roles/rhel9_cis : Ensure owner on directory /etc/cron.daily/] ***
skipping: [localhost]

TASK [/stigforge/roles/rhel9_cis : Set the file_owner_cron_hourly_newown variable if represented by uid] ***
skipping: [localhost]

TASK [/stigforge/roles/rhel9_cis : Ensure owner on directory /etc/cron.hourly/] ***
skipping: [localhost]

TASK [/stigforge/roles/rhel9_cis : Set the file_owner_cron_monthly_newown variable if represented by uid] ***
skipping: [localhost]

TASK [/stigforge/roles/rhel9_cis : Ensure owner on directory /etc/cron.monthly/] ***
skipping: [localhost]

TASK [/stigforge/roles/rhel9_cis : Set the file_owner_cron_weekly_newown variable if represented by uid] ***
skipping: [localhost]

TASK [/stigforge/roles/rhel9_cis : Ensure owner on directory /etc/cron.weekly/] ***
skipping: [localhost]

TASK [/stigforge/roles/rhel9_cis : Set the file_owner_crontab_newown variable if represented by uid] ***
skipping: [localhost]

TASK [/stigforge/roles/rhel9_cis : Test for existence /etc/crontab] ************
skipping: [localhost]

TASK [/stigforge/roles/rhel9_cis : Ensure owner on /etc/crontab] ***************
skipping: [localhost]

TASK [/stigforge/roles/rhel9_cis : Find /etc/cron.d/ file(s)] ******************
skipping: [localhost]

TASK [/stigforge/roles/rhel9_cis : Set permissions for /etc/cron.d/ file(s)] ***
skipping: [localhost]

TASK [/stigforge/roles/rhel9_cis : Find /etc/cron.daily/ file(s)] **************
skipping: [localhost]

TASK [/stigforge/roles/rhel9_cis : Set permissions for /etc/cron.daily/ file(s)] ***
skipping: [localhost]

TASK [/stigforge/roles/rhel9_cis : Find /etc/cron.hourly/ file(s)] *************
skipping: [localhost]

TASK [/stigforge/roles/rhel9_cis : Set permissions for /etc/cron.hourly/ file(s)] ***
skipping: [localhost]

TASK [/stigforge/roles/rhel9_cis : Find /etc/cron.monthly/ file(s)] ************
skipping: [localhost]

TASK [/stigforge/roles/rhel9_cis : Set permissions for /etc/cron.monthly/ file(s)] ***
skipping: [localhost]

TASK [/stigforge/roles/rhel9_cis : Find /etc/cron.weekly/ file(s)] *************
skipping: [localhost]

TASK [/stigforge/roles/rhel9_cis : Set permissions for /etc/cron.weekly/ file(s)] ***
skipping: [localhost]

TASK [/stigforge/roles/rhel9_cis : Test for existence /etc/crontab] ************
skipping: [localhost]

TASK [/stigforge/roles/rhel9_cis : Ensure permission u-xs,g-xwrs,o-xwrt on /etc/crontab] ***
skipping: [localhost]

TASK [/stigforge/roles/rhel9_cis : Remove /etc/at.deny] ************************
skipping: [localhost]

TASK [/stigforge/roles/rhel9_cis : Add empty /etc/cron.allow] ******************
skipping: [localhost]

TASK [/stigforge/roles/rhel9_cis : Remove /etc/cron.deny] **********************
skipping: [localhost]

TASK [/stigforge/roles/rhel9_cis : Set the file_groupowner_at_allow_newgroup variable if represented by gid] ***
skipping: [localhost]

TASK [/stigforge/roles/rhel9_cis : Test for existence /etc/at.allow] ***********
skipping: [localhost]

TASK [/stigforge/roles/rhel9_cis : Ensure group owner on /etc/at.allow] ********
skipping: [localhost]

TASK [/stigforge/roles/rhel9_cis : Set the file_groupowner_cron_allow_newgroup variable if represented by gid] ***
skipping: [localhost]

TASK [/stigforge/roles/rhel9_cis : Test for existence /etc/cron.allow] *********
skipping: [localhost]

TASK [/stigforge/roles/rhel9_cis : Ensure group owner on /etc/cron.allow] ******
skipping: [localhost]

TASK [/stigforge/roles/rhel9_cis : Set the file_owner_cron_allow_newown variable if represented by uid] ***
skipping: [localhost]

TASK [/stigforge/roles/rhel9_cis : Test for existence /etc/cron.allow] *********
skipping: [localhost]

TASK [/stigforge/roles/rhel9_cis : Ensure owner on /etc/cron.allow] ************
skipping: [localhost]

TASK [/stigforge/roles/rhel9_cis : Test for existence /etc/at.allow] ***********
skipping: [localhost]

TASK [/stigforge/roles/rhel9_cis : Ensure permission u-xs,g-xwrs,o-xwrt on /etc/at.allow] ***
skipping: [localhost]

TASK [/stigforge/roles/rhel9_cis : Test for existence /etc/cron.allow] *********
skipping: [localhost]

TASK [/stigforge/roles/rhel9_cis : Ensure permission u-xs,g-xwrs,o-xwrt on /etc/cron.allow] ***
skipping: [localhost]

TASK [/stigforge/roles/rhel9_cis : Make changes to Postfix configuration file] ***
skipping: [localhost]

TASK [/stigforge/roles/rhel9_cis : Detect if chrony is already configured with pools or servers] ***
skipping: [localhost]

TASK [/stigforge/roles/rhel9_cis : Configure remote time servers] **************
skipping: [localhost] => (item=0.rhel.pool.ntp.org) 
skipping: [localhost] => (item=1.rhel.pool.ntp.org) 
skipping: [localhost] => (item=2.rhel.pool.ntp.org) 
skipping: [localhost] => (item=3.rhel.pool.ntp.org) 
skipping: [localhost]

TASK [/stigforge/roles/rhel9_cis : Detect if file /etc/sysconfig/chronyd is not empty or missing] ***
skipping: [localhost]

TASK [/stigforge/roles/rhel9_cis : Remove any previous configuration of user used to run chronyd process] ***
skipping: [localhost]

TASK [/stigforge/roles/rhel9_cis : Detect .rhosts files in users home directories] ***
skipping: [localhost]

TASK [/stigforge/roles/rhel9_cis : Remove .rhosts files] ***********************
skipping: [localhost]

TASK [/stigforge/roles/rhel9_cis : Remove /etc/hosts.equiv file] ***************
skipping: [localhost]

TASK [/stigforge/roles/rhel9_cis : Set the file_groupowner_sshd_config_newgroup variable if represented by gid] ***
skipping: [localhost]

TASK [/stigforge/roles/rhel9_cis : Test for existence /etc/ssh/sshd_config] ****
skipping: [localhost]

TASK [/stigforge/roles/rhel9_cis : Ensure group owner on /etc/ssh/sshd_config] ***
skipping: [localhost]

TASK [/stigforge/roles/rhel9_cis : Check that the ssh_keys group is defined] ***
skipping: [localhost]

TASK [/stigforge/roles/rhel9_cis : Set the file_groupownership_sshd_private_key_newgroup variable if ssh_keys found] ***
skipping: [localhost]

TASK [/stigforge/roles/rhel9_cis : Find /etc/ssh/ file(s) matching ^.*_key$] ***
skipping: [localhost]

TASK [/stigforge/roles/rhel9_cis : Ensure group owner on /etc/ssh/ file(s) matching ^.*_key$] ***
skipping: [localhost]

TASK [/stigforge/roles/rhel9_cis : Set the file_groupownership_sshd_pub_key_newgroup variable if represented by gid] ***
skipping: [localhost]

TASK [/stigforge/roles/rhel9_cis : Find /etc/ssh/ file(s) matching ^.*\.pub$] ***
skipping: [localhost]

TASK [/stigforge/roles/rhel9_cis : Ensure group owner on /etc/ssh/ file(s) matching ^.*\.pub$] ***
skipping: [localhost]

TASK [/stigforge/roles/rhel9_cis : Set the file_owner_sshd_config_newown variable if represented by uid] ***
skipping: [localhost]

TASK [/stigforge/roles/rhel9_cis : Test for existence /etc/ssh/sshd_config] ****
skipping: [localhost]

TASK [/stigforge/roles/rhel9_cis : Ensure owner on /etc/ssh/sshd_config] *******
skipping: [localhost]

TASK [/stigforge/roles/rhel9_cis : Set the file_ownership_sshd_private_key_newown variable if represented by uid] ***
skipping: [localhost]

TASK [/stigforge/roles/rhel9_cis : Find /etc/ssh/ file(s) matching ^.*_key$] ***
skipping: [localhost]

TASK [/stigforge/roles/rhel9_cis : Ensure owner on /etc/ssh/ file(s) matching ^.*_key$] ***
skipping: [localhost]

TASK [/stigforge/roles/rhel9_cis : Set the file_ownership_sshd_pub_key_newown variable if represented by uid] ***
skipping: [localhost]

TASK [/stigforge/roles/rhel9_cis : Find /etc/ssh/ file(s) matching ^.*\.pub$] ***
skipping: [localhost]

TASK [/stigforge/roles/rhel9_cis : Ensure owner on /etc/ssh/ file(s) matching ^.*\.pub$] ***
skipping: [localhost]

TASK [/stigforge/roles/rhel9_cis : Test for existence /etc/ssh/sshd_config] ****
skipping: [localhost]

TASK [/stigforge/roles/rhel9_cis : Ensure permission u-xs,g-xwrs,o-xwrt on /etc/ssh/sshd_config] ***
skipping: [localhost]

TASK [/stigforge/roles/rhel9_cis : Find root:root-owned keys] ******************
skipping: [localhost]

TASK [/stigforge/roles/rhel9_cis : Set permissions for root:root-owned keys] ***
skipping: [localhost]

TASK [/stigforge/roles/rhel9_cis : Find root:ssh_keys-owned keys] **************
skipping: [localhost]

TASK [/stigforge/roles/rhel9_cis : Set permissions for root:ssh_keys-owned keys] ***
skipping: [localhost]

TASK [/stigforge/roles/rhel9_cis : Find /etc/ssh/ file(s)] *********************
skipping: [localhost]

TASK [/stigforge/roles/rhel9_cis : Set permissions for /etc/ssh/ file(s)] ******
skipping: [localhost]

TASK [/stigforge/roles/rhel9_cis : Deduplicate values from /etc/ssh/sshd_config] ***
skipping: [localhost]

TASK [/stigforge/roles/rhel9_cis : Check if /etc/ssh/sshd_config.d exists] *****
skipping: [localhost]

TASK [/stigforge/roles/rhel9_cis : Check if the parameter ClientAliveCountMax is present in /etc/ssh/sshd_config.d] ***
skipping: [localhost]

TASK [/stigforge/roles/rhel9_cis : Remove parameter from files in /etc/ssh/sshd_config.d] ***
skipping: [localhost]

TASK [/stigforge/roles/rhel9_cis : Insert correct line to /etc/ssh/sshd_config.d/00-complianceascode-hardening.conf] ***
skipping: [localhost]

TASK [/stigforge/roles/rhel9_cis : Set SSH Client Alive Count Max - set file mode for /etc/ssh/sshd_config.d/00-complianceascode-hardening.conf] ***
skipping: [localhost]

TASK [/stigforge/roles/rhel9_cis : Deduplicate values from /etc/ssh/sshd_config] ***
skipping: [localhost]

TASK [/stigforge/roles/rhel9_cis : Check if /etc/ssh/sshd_config.d exists] *****
skipping: [localhost]

TASK [/stigforge/roles/rhel9_cis : Check if the parameter ClientAliveInterval is present in /etc/ssh/sshd_config.d] ***
skipping: [localhost]

TASK [/stigforge/roles/rhel9_cis : Remove parameter from files in /etc/ssh/sshd_config.d] ***
skipping: [localhost]

TASK [/stigforge/roles/rhel9_cis : Insert correct line to /etc/ssh/sshd_config.d/00-complianceascode-hardening.conf] ***
skipping: [localhost]

TASK [/stigforge/roles/rhel9_cis : Set SSH Client Alive Interval - set file mode for /etc/ssh/sshd_config.d/00-complianceascode-hardening.conf] ***
skipping: [localhost]

TASK [/stigforge/roles/rhel9_cis : Deduplicate values from /etc/ssh/sshd_config] ***
skipping: [localhost]

TASK [/stigforge/roles/rhel9_cis : Check if /etc/ssh/sshd_config.d exists] *****
skipping: [localhost]

TASK [/stigforge/roles/rhel9_cis : Check if the parameter HostbasedAuthentication is present in /etc/ssh/sshd_config.d] ***
skipping: [localhost]

TASK [/stigforge/roles/rhel9_cis : Remove parameter from files in /etc/ssh/sshd_config.d] ***
skipping: [localhost]

TASK [/stigforge/roles/rhel9_cis : Insert correct line to /etc/ssh/sshd_config.d/01-complianceascode-reinforce-os-defaults.conf] ***
skipping: [localhost]

TASK [/stigforge/roles/rhel9_cis : Disable Host-Based Authentication - set file mode for /etc/ssh/sshd_config.d/01-complianceascode-reinforce-os-defaults.conf] ***
skipping: [localhost]

TASK [/stigforge/roles/rhel9_cis : Deduplicate values from /etc/ssh/sshd_config] ***
skipping: [localhost]

TASK [/stigforge/roles/rhel9_cis : Check if /etc/ssh/sshd_config.d exists] *****
skipping: [localhost]

TASK [/stigforge/roles/rhel9_cis : Check if the parameter PermitEmptyPasswords is present in /etc/ssh/sshd_config.d] ***
skipping: [localhost]

TASK [/stigforge/roles/rhel9_cis : Remove parameter from files in /etc/ssh/sshd_config.d] ***
skipping: [localhost]

TASK [/stigforge/roles/rhel9_cis : Insert correct line to /etc/ssh/sshd_config.d/01-complianceascode-reinforce-os-defaults.conf] ***
skipping: [localhost]

TASK [/stigforge/roles/rhel9_cis : Disable SSH Access via Empty Passwords - set file mode for /etc/ssh/sshd_config.d/01-complianceascode-reinforce-os-defaults.conf] ***
skipping: [localhost]

TASK [/stigforge/roles/rhel9_cis : Deduplicate values from /etc/ssh/sshd_config] ***
skipping: [localhost]

TASK [/stigforge/roles/rhel9_cis : Check if /etc/ssh/sshd_config.d exists] *****
skipping: [localhost]

TASK [/stigforge/roles/rhel9_cis : Check if the parameter IgnoreRhosts is present in /etc/ssh/sshd_config.d] ***
skipping: [localhost]

TASK [/stigforge/roles/rhel9_cis : Remove parameter from files in /etc/ssh/sshd_config.d] ***
skipping: [localhost]

TASK [/stigforge/roles/rhel9_cis : Insert correct line to /etc/ssh/sshd_config.d/01-complianceascode-reinforce-os-defaults.conf] ***
skipping: [localhost]

TASK [/stigforge/roles/rhel9_cis : Disable SSH Support for .rhosts Files - set file mode for /etc/ssh/sshd_config.d/01-complianceascode-reinforce-os-defaults.conf] ***
skipping: [localhost]

TASK [/stigforge/roles/rhel9_cis : Deduplicate values from /etc/ssh/sshd_config] ***
skipping: [localhost]

TASK [/stigforge/roles/rhel9_cis : Check if /etc/ssh/sshd_config.d exists] *****
skipping: [localhost]

TASK [/stigforge/roles/rhel9_cis : Check if the parameter PermitRootLogin is present in /etc/ssh/sshd_config.d] ***
skipping: [localhost]

TASK [/stigforge/roles/rhel9_cis : Remove parameter from files in /etc/ssh/sshd_config.d] ***
skipping: [localhost]

TASK [/stigforge/roles/rhel9_cis : Insert correct line to /etc/ssh/sshd_config.d/00-complianceascode-hardening.conf] ***
skipping: [localhost]

TASK [/stigforge/roles/rhel9_cis : Disable SSH Root Login - set file mode for /etc/ssh/sshd_config.d/00-complianceascode-hardening.conf] ***
skipping: [localhost]

TASK [/stigforge/roles/rhel9_cis : Deduplicate values from /etc/ssh/sshd_config] ***
skipping: [localhost]

TASK [/stigforge/roles/rhel9_cis : Check if /etc/ssh/sshd_config.d exists] *****
skipping: [localhost]

TASK [/stigforge/roles/rhel9_cis : Check if the parameter PermitUserEnvironment is present in /etc/ssh/sshd_config.d] ***
skipping: [localhost]

TASK [/stigforge/roles/rhel9_cis : Remove parameter from files in /etc/ssh/sshd_config.d] ***
skipping: [localhost]

TASK [/stigforge/roles/rhel9_cis : Insert correct line to /etc/ssh/sshd_config.d/01-complianceascode-reinforce-os-defaults.conf] ***
skipping: [localhost]

TASK [/stigforge/roles/rhel9_cis : Do Not Allow SSH Environment Options - set file mode for /etc/ssh/sshd_config.d/01-complianceascode-reinforce-os-defaults.conf] ***
skipping: [localhost]

TASK [/stigforge/roles/rhel9_cis : Deduplicate values from /etc/ssh/sshd_config] ***
skipping: [localhost]

TASK [/stigforge/roles/rhel9_cis : Check if /etc/ssh/sshd_config.d exists] *****
skipping: [localhost]

TASK [/stigforge/roles/rhel9_cis : Check if the parameter UsePAM is present in /etc/ssh/sshd_config.d] ***
skipping: [localhost]

TASK [/stigforge/roles/rhel9_cis : Remove parameter from files in /etc/ssh/sshd_config.d] ***
skipping: [localhost]

TASK [/stigforge/roles/rhel9_cis : Insert correct line to /etc/ssh/sshd_config.d/00-complianceascode-hardening.conf] ***
skipping: [localhost]

TASK [/stigforge/roles/rhel9_cis : Enable PAM - set file mode for /etc/ssh/sshd_config.d/00-complianceascode-hardening.conf] ***
skipping: [localhost]

TASK [/stigforge/roles/rhel9_cis : Deduplicate values from /etc/ssh/sshd_config] ***
skipping: [localhost]

TASK [/stigforge/roles/rhel9_cis : Check if /etc/ssh/sshd_config.d exists] *****
skipping: [localhost]

TASK [/stigforge/roles/rhel9_cis : Check if the parameter Banner is present in /etc/ssh/sshd_config.d] ***
skipping: [localhost]

TASK [/stigforge/roles/rhel9_cis : Remove parameter from files in /etc/ssh/sshd_config.d] ***
skipping: [localhost]

TASK [/stigforge/roles/rhel9_cis : Insert correct line to /etc/ssh/sshd_config.d/00-complianceascode-hardening.conf] ***
skipping: [localhost]

TASK [/stigforge/roles/rhel9_cis : Enable SSH Warning Banner - set file mode for /etc/ssh/sshd_config.d/00-complianceascode-hardening.conf] ***
skipping: [localhost]

TASK [/stigforge/roles/rhel9_cis : Deduplicate values from /etc/ssh/sshd_config] ***
skipping: [localhost]

TASK [/stigforge/roles/rhel9_cis : Check if /etc/ssh/sshd_config.d exists] *****
skipping: [localhost]

TASK [/stigforge/roles/rhel9_cis : Check if the parameter LoginGraceTime is present in /etc/ssh/sshd_config.d] ***
skipping: [localhost]

TASK [/stigforge/roles/rhel9_cis : Remove parameter from files in /etc/ssh/sshd_config.d] ***
skipping: [localhost]

TASK [/stigforge/roles/rhel9_cis : Insert correct line to /etc/ssh/sshd_config.d/00-complianceascode-hardening.conf] ***
skipping: [localhost]

TASK [/stigforge/roles/rhel9_cis : Ensure SSH LoginGraceTime is configured - set file mode for /etc/ssh/sshd_config.d/00-complianceascode-hardening.conf] ***
skipping: [localhost]

TASK [/stigforge/roles/rhel9_cis : Deduplicate values from /etc/ssh/sshd_config] ***
skipping: [localhost]

TASK [/stigforge/roles/rhel9_cis : Check if /etc/ssh/sshd_config.d exists] *****
skipping: [localhost]

TASK [/stigforge/roles/rhel9_cis : Check if the parameter LogLevel is present in /etc/ssh/sshd_config.d] ***
skipping: [localhost]

TASK [/stigforge/roles/rhel9_cis : Remove parameter from files in /etc/ssh/sshd_config.d] ***
skipping: [localhost]

TASK [/stigforge/roles/rhel9_cis : Insert correct line to /etc/ssh/sshd_config.d/00-complianceascode-hardening.conf] ***
skipping: [localhost]

TASK [/stigforge/roles/rhel9_cis : Set SSH Daemon LogLevel to VERBOSE - set file mode for /etc/ssh/sshd_config.d/00-complianceascode-hardening.conf] ***
skipping: [localhost]

TASK [/stigforge/roles/rhel9_cis : Deduplicate values from /etc/ssh/sshd_config] ***
skipping: [localhost]

TASK [/stigforge/roles/rhel9_cis : Check if /etc/ssh/sshd_config.d exists] *****
skipping: [localhost]

TASK [/stigforge/roles/rhel9_cis : Check if the parameter MaxAuthTries is present in /etc/ssh/sshd_config.d] ***
skipping: [localhost]

TASK [/stigforge/roles/rhel9_cis : Remove parameter from files in /etc/ssh/sshd_config.d] ***
skipping: [localhost]

TASK [/stigforge/roles/rhel9_cis : Insert correct line to /etc/ssh/sshd_config.d/00-complianceascode-hardening.conf] ***
skipping: [localhost]

TASK [/stigforge/roles/rhel9_cis : Set SSH authentication attempt limit - set file mode for /etc/ssh/sshd_config.d/00-complianceascode-hardening.conf] ***
skipping: [localhost]

TASK [/stigforge/roles/rhel9_cis : Deduplicate values from /etc/ssh/sshd_config] ***
skipping: [localhost]

TASK [/stigforge/roles/rhel9_cis : Check if /etc/ssh/sshd_config.d exists] *****
skipping: [localhost]

TASK [/stigforge/roles/rhel9_cis : Check if the parameter MaxSessions is present in /etc/ssh/sshd_config.d] ***
skipping: [localhost]

TASK [/stigforge/roles/rhel9_cis : Remove parameter from files in /etc/ssh/sshd_config.d] ***
skipping: [localhost]

TASK [/stigforge/roles/rhel9_cis : Insert correct line to /etc/ssh/sshd_config.d/00-complianceascode-hardening.conf] ***
skipping: [localhost]

TASK [/stigforge/roles/rhel9_cis : Set SSH MaxSessions limit - set file mode for /etc/ssh/sshd_config.d/00-complianceascode-hardening.conf] ***
skipping: [localhost]

TASK [/stigforge/roles/rhel9_cis : Deduplicate values from /etc/ssh/sshd_config] ***
skipping: [localhost]

TASK [/stigforge/roles/rhel9_cis : Check if /etc/ssh/sshd_config.d exists] *****
skipping: [localhost]

TASK [/stigforge/roles/rhel9_cis : Check if the parameter MaxStartups is present in /etc/ssh/sshd_config.d] ***
skipping: [localhost]

TASK [/stigforge/roles/rhel9_cis : Remove parameter from files in /etc/ssh/sshd_config.d] ***
skipping: [localhost]

TASK [/stigforge/roles/rhel9_cis : Insert correct line to /etc/ssh/sshd_config.d/00-complianceascode-hardening.conf] ***
skipping: [localhost]

TASK [/stigforge/roles/rhel9_cis : Ensure SSH MaxStartups is configured - set file mode for /etc/ssh/sshd_config.d/00-complianceascode-hardening.conf] ***
skipping: [localhost]

TASK [/stigforge/roles/rhel9_cis : Deduplicate values from /etc/ssh/sshd_config] ***
skipping: [localhost]

TASK [/stigforge/roles/rhel9_cis : Check if /etc/ssh/sshd_config.d exists] *****
skipping: [localhost]

TASK [/stigforge/roles/rhel9_cis : Check if the parameter KexAlgorithms is present in /etc/ssh/sshd_config.d] ***
skipping: [localhost]

TASK [/stigforge/roles/rhel9_cis : Remove parameter from files in /etc/ssh/sshd_config.d] ***
skipping: [localhost]

TASK [/stigforge/roles/rhel9_cis : Insert correct line to /etc/ssh/sshd_config.d/00-complianceascode-hardening.conf] ***
skipping: [localhost]

TASK [/stigforge/roles/rhel9_cis : Use Only Strong Key Exchange algorithms - set file mode for /etc/ssh/sshd_config.d/00-complianceascode-hardening.conf] ***
skipping: [localhost]

TASK [/stigforge/roles/rhel9_cis : Deduplicate values from /etc/ssh/sshd_config] ***
skipping: [localhost]

TASK [/stigforge/roles/rhel9_cis : Check if /etc/ssh/sshd_config.d exists] *****
skipping: [localhost]

TASK [/stigforge/roles/rhel9_cis : Check if the parameter MACs is present in /etc/ssh/sshd_config.d] ***
skipping: [localhost]

TASK [/stigforge/roles/rhel9_cis : Remove parameter from files in /etc/ssh/sshd_config.d] ***
skipping: [localhost]

TASK [/stigforge/roles/rhel9_cis : Insert correct line to /etc/ssh/sshd_config.d/00-complianceascode-hardening.conf] ***
skipping: [localhost]

TASK [/stigforge/roles/rhel9_cis : Use Only Strong MACs - set file mode for /etc/ssh/sshd_config.d/00-complianceascode-hardening.conf] ***
skipping: [localhost]

PLAY RECAP *********************************************************************
localhost                  : ok=345  changed=36   unreachable=0    failed=0    skipped=797  rescued=0    ignored=0   

